{
	"Version": 3,
	"Meta": {
		"Duration": 6.7,
		"Fps": 30.0,
		"Loop": true,
		"AreBeziersRestricted": true,
		"CurveCount": 22,
		"TotalSegmentCount": 97,
		"TotalPointCount": 269,
		"UserDataCount": 0,
		"TotalUserDataSize": 0
	},
	"Curves": [
		{
			"Target": "Parameter",
			"Id": "PARAM_ANGLE_X",
			"Segments": [
				0,
				0,
				1,
				0.378,
				0,
				0.756,
				-14,
				1.133,
				-14,
				1,
				1.344,
				-14,
				1.556,
				-14,
				1.767,
				-14,
				1,
				2.189,
				-14,
				2.611,
				-14,
				3.033,
				-14,
				1,
				3.8,
				-14,
				4.567,
				-14,
				5.333,
				-14,
				1,
				5.678,
				-14,
				6.022,
				0,
				6.367,
				0,
				1,
				6.467,
				0,
				6.567,
				0,
				6.667,
				0,
				0,
				6.7,
				0
			]
		},
		{
			"Target": "Parameter",
			"Id": "PARAM_ANGLE_Y",
			"Segments": [
				0,
				0,
				1,
				0.378,
				0,
				0.756,
				16,
				1.133,
				16,
				1,
				1.344,
				16,
				1.556,
				16,
				1.767,
				16,
				1,
				2.956,
				16,
				4.144,
				16,
				5.333,
				16,
				1,
				5.678,
				16,
				6.022,
				0,
				6.367,
				0,
				1,
				6.467,
				0,
				6.567,
				0,
				6.667,
				0,
				0,
				6.7,
				0
			]
		},
		{
			"Target": "Parameter",
			"Id": "PARAM_ANGLE_Z",
			"Segments": [
				0,
				0,
				1,
				0.378,
				0,
				0.756,
				0,
				1.133,
				0,
				1,
				1.344,
				0,
				1.556,
				0,
				1.767,
				0,
				1,
				2.956,
				0,
				4.144,
				0,
				5.333,
				0,
				1,
				5.678,
				0,
				6.022,
				0,
				6.367,
				0,
				1,
				6.467,
				0,
				6.567,
				0,
				6.667,
				0,
				0,
				6.7,
				0
			]
		},
		{
			"Target": "Parameter",
			"Id": "PARAM_EYE_L_OPEN",
			"Segments": [
				0,
				1,
				1,
				0.478,
				1,
				0.956,
				1,
				1.433,
				1,
				1,
				1.544,
				1,
				1.656,
				0,
				1.767,
				0,
				1,
				2.022,
				0,
				2.278,
				0,
				2.533,
				0,
				1,
				2.689,
				0,
				2.844,
				0,
				3,
				0,
				1,
				3.111,
				0,
				3.222,
				1,
				3.333,
				1,
				1,
				4,
				1,
				4.667,
				1,
				5.333,
				1,
				1,
				5.456,
				1,
				5.578,
				1,
				5.7,
				1,
				1,
				5.733,
				1,
				5.767,
				0,
				5.8,
				0,
				1,
				5.867,
				0,
				5.933,
				1,
				6,
				1,
				0,
				6.7,
				1
			]
		},
		{
			"Target": "Parameter",
			"Id": "PARAM_EYE_R_OPEN",
			"Segments": [
				0,
				1,
				1,
				0.478,
				1,
				0.956,
				1,
				1.433,
				1,
				1,
				1.544,
				1,
				1.656,
				0,
				1.767,
				0,
				1,
				2.022,
				0,
				2.278,
				0,
				2.533,
				0,
				1,
				2.689,
				0,
				2.844,
				0,
				3,
				0,
				1,
				3.111,
				0,
				3.222,
				1,
				3.333,
				1,
				1,
				4,
				1,
				4.667,
				1,
				5.333,
				1,
				1,
				5.456,
				1,
				5.578,
				1,
				5.7,
				1,
				1,
				5.733,
				1,
				5.767,
				0,
				5.8,
				0,
				1,
				5.867,
				0,
				5.933,
				1,
				6,
				1,
				0,
				6.7,
				1
			]
		},
		{
			"Target": "Parameter",
			"Id": "PARAM_MOUTH_OPEN_Y",
			"Segments": [
				0,
				0,
				1,
				1.422,
				0,
				2.844,
				0,
				4.267,
				0,
				1,
				4.378,
				0,
				4.489,
				0.6,
				4.6,
				0.6,
				1,
				4.733,
				0.6,
				4.867,
				0,
				5,
				0,
				1,
				5.456,
				0,
				5.911,
				0,
				6.367,
				0,
				1,
				6.467,
				0,
				6.567,
				0,
				6.667,
				0,
				0,
				6.7,
				0
			]
		},
		{
			"Target": "Parameter",
			"Id": "PARAM_BODY_ANGLE_X",
			"Segments": [
				0,
				0,
				1,
				0.378,
				0,
				0.756,
				-9,
				1.133,
				-9,
				1,
				2.533,
				-9,
				3.933,
				-9,
				5.333,
				-9,
				1,
				5.678,
				-9,
				6.022,
				0,
				6.367,
				0,
				1,
				6.467,
				0,
				6.567,
				0,
				6.667,
				0,
				0,
				6.7,
				0
			]
		},
		{
			"Target": "Parameter",
			"Id": "PARAM_BODY_ANGLE_Z",
			"Segments": [
				0,
				0,
				1,
				0.122,
				0,
				0.244,
				0,
				0.367,
				0,
				1,
				0.622,
				0,
				0.878,
				-2,
				1.133,
				-2,
				1,
				2.533,
				-2,
				3.933,
				0,
				5.333,
				0,
				1,
				5.678,
				0,
				6.022,
				0,
				6.367,
				0,
				1,
				6.467,
				0,
				6.567,
				0,
				6.667,
				0,
				0,
				6.7,
				0
			]
		},
		{
			"Target": "Parameter",
			"Id": "PARAM_BODY_ANGLE_Y",
			"Segments": [
				0,
				0,
				1,
				0.122,
				0,
				0.244,
				4,
				0.367,
				4,
				1,
				0.511,
				4,
				0.656,
				-1,
				0.8,
				-1,
				1,
				0.856,
				-1,
				0.911,
				1,
				0.967,
				1,
				1,
				1.044,
				1,
				1.122,
				0,
				1.2,
				0,
				1,
				1.389,
				0,
				1.578,
				0,
				1.767,
				0,
				1,
				1.8,
				0,
				1.833,
				2,
				1.867,
				2,
				1,
				1.911,
				2,
				1.956,
				0,
				2,
				0,
				1,
				2.044,
				0,
				2.089,
				1,
				2.133,
				1,
				1,
				2.178,
				1,
				2.222,
				0,
				2.267,
				0,
				1,
				2.622,
				0,
				2.978,
				0,
				3.333,
				0,
				1,
				3.511,
				0,
				3.689,
				0,
				3.867,
				0,
				1,
				4,
				0,
				4.133,
				-1,
				4.267,
				-1,
				1,
				4.411,
				-1,
				4.556,
				2,
				4.7,
				2,
				1,
				4.911,
				2,
				5.122,
				1.884,
				5.333,
				0,
				1,
				5.489,
				-1.388,
				5.644,
				-5,
				5.8,
				-5,
				1,
				5.989,
				-5,
				6.178,
				0,
				6.367,
				0,
				1,
				6.467,
				0,
				6.567,
				0,
				6.667,
				0,
				0,
				6.7,
				0
			]
		},
		{
			"Target": "Parameter",
			"Id": "PARAM_BREATH",
			"Segments": [
				0,
				0,
				1,
				1.778,
				0,
				3.556,
				0,
				5.333,
				0,
				0,
				6.7,
				0
			]
		},
		{
			"Target": "Parameter",
			"Id": "PARAM_BOWL_LID",
			"Segments": [
				0,
				50,
				1,
				1.778,
				50,
				3.556,
				50,
				5.333,
				50,
				0,
				6.7,
				50
			]
		},
		{
			"Target": "Parameter",
			"Id": "PARAM_YUGE_01",
			"Segments": [
				0,
				0,
				1,
				1.778,
				0,
				3.556,
				0,
				5.333,
				0,
				0,
				6.7,
				0
			]
		},
		{
			"Target": "Parameter",
			"Id": "PARAM_YUGE_02",
			"Segments": [
				0,
				0,
				1,
				1.778,
				0,
				3.556,
				0,
				5.333,
				0,
				0,
				6.7,
				0
			]
		},
		{
			"Target": "Parameter",
			"Id": "PARAM_EFFECT",
			"Segments": [
				0,
				0,
				1,
				1.778,
				0,
				3.556,
				0,
				5.333,
				0,
				0,
				6.7,
				0
			]
		},
		{
			"Target": "Parameter",
			"Id": "PARAM_EAR_L",
			"Segments": [
				0,
				0,
				1,
				1.778,
				0,
				3.556,
				0,
				5.333,
				0,
				0,
				6.7,
				0
			]
		},
		{
			"Target": "Parameter",
			"Id": "PARAM_EAR_R",
			"Segments": [
				0,
				0,
				1,
				1.778,
				0,
				3.556,
				0,
				5.333,
				0,
				0,
				6.7,
				0
			]
		},
		{
			"Target": "Parameter",
			"Id": "PARAM_HAND_L",
			"Segments": [
				0,
				0,
				1,
				1.778,
				0,
				3.556,
				0,
				5.333,
				0,
				0,
				6.7,
				0
			]
		},
		{
			"Target": "Parameter",
			"Id": "PARAM_HAND_R",
			"Segments": [
				0,
				0,
				1,
				1.778,
				0,
				3.556,
				0,
				5.333,
				0,
				0,
				6.7,
				0
			]
		},
		{
			"Target": "Parameter",
			"Id": "PARAM_SWING",
			"Segments": [
				0,
				0,
				0,
				6.7,
				0
			]
		},
		{
			"Target": "Parameter",
			"Id": "PARAM_BOWL_SWING",
			"Segments": [
				0,
				0,
				0,
				6.7,
				0
			]
		},
		{
			"Target": "Parameter",
			"Id": "PARAM_FACE_01",
			"Segments": [
				0,
				0,
				1,
				1.778,
				0,
				3.556,
				0,
				5.333,
				0,
				0,
				6.7,
				0
			]
		},
		{
			"Target": "Parameter",
			"Id": "PARAM_BASE_X",
			"Segments": [
				0,
				0,
				0,
				6.7,
				0
			]
		}
	]
}