{
	"Version": 3,
	"Meta": {
		"Duration": 10.367,
		"Fps": 30.0,
		"Loop": true,
		"AreBeziersRestricted": true,
		"CurveCount": 22,
		"TotalSegmentCount": 76,
		"TotalPointCount": 206,
		"UserDataCount": 0,
		"TotalUserDataSize": 0
	},
	"Curves": [
		{
			"Target": "Parameter",
			"Id": "PARAM_ANGLE_X",
			"Segments": [
				0,
				0,
				1,
				2.533,
				0,
				5.067,
				-1,
				7.6,
				-1,
				1,
				8.511,
				-1,
				9.422,
				0,
				10.333,
				0,
				0,
				10.367,
				0
			]
		},
		{
			"Target": "Parameter",
			"Id": "PARAM_ANGLE_Y",
			"Segments": [
				0,
				0,
				1,
				0.333,
				0,
				0.667,
				12,
				1,
				12,
				1,
				1.6,
				12,
				2.2,
				-1.589,
				2.8,
				-1.589,
				1,
				3.178,
				-1.589,
				3.556,
				12,
				3.933,
				12,
				1,
				4.656,
				12,
				5.378,
				-1.589,
				6.1,
				-1.589,
				1,
				6.489,
				-1.589,
				6.878,
				13.71,
				7.267,
				13.71,
				1,
				7.378,
				13.71,
				7.489,
				-23,
				7.6,
				-23,
				1,
				7.678,
				-23,
				7.756,
				-7.683,
				7.833,
				-7.683,
				1,
				7.933,
				-7.683,
				8.033,
				-10.837,
				8.133,
				-10.837,
				1,
				8.867,
				-10.837,
				9.6,
				0,
				10.333,
				0,
				0,
				10.367,
				0
			]
		},
		{
			"Target": "Parameter",
			"Id": "PARAM_ANGLE_Z",
			"Segments": [
				0,
				-8,
				1,
				0.333,
				-8,
				0.667,
				9,
				1,
				9,
				1,
				1.6,
				9,
				2.2,
				-11,
				2.8,
				-11,
				1,
				3.178,
				-11,
				3.556,
				9,
				3.933,
				9,
				1,
				4.656,
				9,
				5.378,
				-11,
				6.1,
				-11,
				1,
				6.489,
				-11,
				6.878,
				5,
				7.267,
				5,
				1,
				7.378,
				5,
				7.489,
				-9,
				7.6,
				-9,
				1,
				7.678,
				-9,
				7.756,
				-1,
				7.833,
				-1,
				1,
				7.933,
				-1,
				8.033,
				-7,
				8.133,
				-7,
				1,
				8.478,
				-7,
				8.822,
				2,
				9.167,
				2,
				1,
				9.556,
				2,
				9.944,
				-8,
				10.333,
				-8,
				0,
				10.367,
				-8
			]
		},
		{
			"Target": "Parameter",
			"Id": "PARAM_EYE_L_OPEN",
			"Segments": [
				0,
				0,
				1,
				3.444,
				0,
				6.889,
				0,
				10.333,
				0,
				0,
				10.367,
				0
			]
		},
		{
			"Target": "Parameter",
			"Id": "PARAM_EYE_R_OPEN",
			"Segments": [
				0,
				0,
				1,
				3.444,
				0,
				6.889,
				0,
				10.333,
				0,
				0,
				10.367,
				0
			]
		},
		{
			"Target": "Parameter",
			"Id": "PARAM_MOUTH_OPEN_Y",
			"Segments": [
				0,
				0,
				1,
				0.333,
				0,
				0.667,
				0.42,
				1,
				0.42,
				1,
				1.6,
				0.42,
				2.2,
				0,
				2.8,
				0,
				1,
				3.178,
				0,
				3.556,
				0.42,
				3.933,
				0.42,
				1,
				4.656,
				0.42,
				5.378,
				0,
				6.1,
				0,
				1,
				6.489,
				0,
				6.878,
				0.35,
				7.267,
				0.35,
				1,
				7.6,
				0.35,
				7.933,
				0,
				8.267,
				0,
				1,
				8.567,
				0,
				8.867,
				0.34,
				9.167,
				0.34,
				1,
				9.556,
				0.34,
				9.944,
				0,
				10.333,
				0,
				0,
				10.367,
				0
			]
		},
		{
			"Target": "Parameter",
			"Id": "PARAM_BODY_ANGLE_X",
			"Segments": [
				0,
				0,
				1,
				3.444,
				0,
				6.889,
				0,
				10.333,
				0,
				0,
				10.367,
				0
			]
		},
		{
			"Target": "Parameter",
			"Id": "PARAM_BODY_ANGLE_Z",
			"Segments": [
				0,
				0,
				1,
				2.422,
				0,
				4.844,
				0,
				7.267,
				0,
				1,
				7.378,
				0,
				7.489,
				-6,
				7.6,
				-6,
				1,
				7.778,
				-6,
				7.956,
				-6,
				8.133,
				-6,
				1,
				8.867,
				-6,
				9.6,
				0,
				10.333,
				0,
				0,
				10.367,
				0
			]
		},
		{
			"Target": "Parameter",
			"Id": "PARAM_BODY_ANGLE_Y",
			"Segments": [
				0,
				0,
				1,
				3.444,
				0,
				6.889,
				0,
				10.333,
				0,
				0,
				10.367,
				0
			]
		},
		{
			"Target": "Parameter",
			"Id": "PARAM_BREATH",
			"Segments": [
				0,
				0,
				1,
				0.333,
				0,
				0.667,
				0.64,
				1,
				0.64,
				1,
				1.6,
				0.64,
				2.2,
				0,
				2.8,
				0,
				1,
				3.178,
				0,
				3.556,
				0.73,
				3.933,
				0.73,
				1,
				4.656,
				0.73,
				5.378,
				0,
				6.1,
				0,
				1,
				6.489,
				0,
				6.878,
				0.73,
				7.267,
				0.73,
				1,
				7.556,
				0.73,
				7.844,
				0,
				8.133,
				0,
				1,
				8.478,
				0,
				8.822,
				0.39,
				9.167,
				0.39,
				1,
				9.556,
				0.39,
				9.944,
				0,
				10.333,
				0,
				0,
				10.367,
				0
			]
		},
		{
			"Target": "Parameter",
			"Id": "PARAM_BOWL_LID",
			"Segments": [
				0,
				50,
				1,
				3.444,
				50,
				6.889,
				50,
				10.333,
				50,
				0,
				10.367,
				50
			]
		},
		{
			"Target": "Parameter",
			"Id": "PARAM_YUGE_01",
			"Segments": [
				0,
				0,
				1,
				3.444,
				0,
				6.889,
				0,
				10.333,
				0,
				0,
				10.367,
				0
			]
		},
		{
			"Target": "Parameter",
			"Id": "PARAM_YUGE_02",
			"Segments": [
				0,
				0,
				1,
				3.444,
				0,
				6.889,
				0,
				10.333,
				0,
				0,
				10.367,
				0
			]
		},
		{
			"Target": "Parameter",
			"Id": "PARAM_EFFECT",
			"Segments": [
				0,
				0,
				1,
				3.444,
				0,
				6.889,
				0,
				10.333,
				0,
				0,
				10.367,
				0
			]
		},
		{
			"Target": "Parameter",
			"Id": "PARAM_EAR_L",
			"Segments": [
				0,
				0,
				1,
				3.444,
				0,
				6.889,
				0,
				10.333,
				0,
				0,
				10.367,
				0
			]
		},
		{
			"Target": "Parameter",
			"Id": "PARAM_EAR_R",
			"Segments": [
				0,
				0,
				1,
				3.444,
				0,
				6.889,
				0,
				10.333,
				0,
				0,
				10.367,
				0
			]
		},
		{
			"Target": "Parameter",
			"Id": "PARAM_HAND_L",
			"Segments": [
				0,
				0,
				1,
				3.444,
				0,
				6.889,
				0,
				10.333,
				0,
				0,
				10.367,
				0
			]
		},
		{
			"Target": "Parameter",
			"Id": "PARAM_HAND_R",
			"Segments": [
				0,
				0,
				1,
				3.444,
				0,
				6.889,
				0,
				10.333,
				0,
				0,
				10.367,
				0
			]
		},
		{
			"Target": "Parameter",
			"Id": "PARAM_SWING",
			"Segments": [
				0,
				0,
				0,
				10.367,
				0
			]
		},
		{
			"Target": "Parameter",
			"Id": "PARAM_BOWL_SWING",
			"Segments": [
				0,
				0,
				0,
				10.367,
				0
			]
		},
		{
			"Target": "Parameter",
			"Id": "PARAM_FACE_01",
			"Segments": [
				0,
				0,
				1,
				3.444,
				0,
				6.889,
				0,
				10.333,
				0,
				0,
				10.367,
				0
			]
		},
		{
			"Target": "Parameter",
			"Id": "PARAM_BASE_X",
			"Segments": [
				0,
				0,
				0,
				10.367,
				0
			]
		}
	]
}