{
	"Version": 3,
	"Meta": {
		"Duration": 5.967,
		"Fps": 30.0,
		"Loop": true,
		"AreBeziersRestricted": true,
		"CurveCount": 22,
		"TotalSegmentCount": 85,
		"TotalPointCount": 233,
		"UserDataCount": 0,
		"TotalUserDataSize": 0
	},
	"Curves": [
		{
			"Target": "Parameter",
			"Id": "PARAM_ANGLE_X",
			"Segments": [
				0,
				-1,
				1,
				0.222,
				-1,
				0.444,
				0,
				0.667,
				0,
				1,
				0.911,
				0,
				1.156,
				-1,
				1.4,
				-1,
				1,
				1.622,
				-1,
				1.844,
				0,
				2.067,
				0,
				1,
				2.322,
				0,
				2.578,
				-1,
				2.833,
				-1,
				1,
				3.067,
				-1,
				3.3,
				0,
				3.533,
				0,
				1,
				3.844,
				0,
				4.156,
				-1,
				4.467,
				-1,
				1,
				4.656,
				-1,
				4.844,
				0,
				5.033,
				0,
				1,
				5.333,
				0,
				5.633,
				-1,
				5.933,
				-1,
				0,
				5.967,
				-1
			]
		},
		{
			"Target": "Parameter",
			"Id": "PARAM_ANGLE_Y",
			"Segments": [
				0,
				14,
				1,
				0.222,
				14,
				0.444,
				-8,
				0.667,
				-8,
				1,
				0.911,
				-8,
				1.156,
				14,
				1.4,
				14,
				1,
				1.622,
				14,
				1.844,
				-13,
				2.067,
				-13,
				1,
				2.322,
				-13,
				2.578,
				14,
				2.833,
				14,
				1,
				3.067,
				14,
				3.3,
				-8,
				3.533,
				-8,
				1,
				3.844,
				-8,
				4.156,
				14,
				4.467,
				14,
				1,
				4.656,
				14,
				4.844,
				-13,
				5.033,
				-13,
				1,
				5.333,
				-13,
				5.633,
				14,
				5.933,
				14,
				0,
				5.967,
				14
			]
		},
		{
			"Target": "Parameter",
			"Id": "PARAM_ANGLE_Z",
			"Segments": [
				0,
				-10,
				1,
				0.467,
				-10,
				0.933,
				13,
				1.4,
				13,
				1,
				1.878,
				13,
				2.356,
				-10,
				2.833,
				-10,
				1,
				3.378,
				-10,
				3.922,
				13,
				4.467,
				13,
				1,
				4.956,
				13,
				5.444,
				-10,
				5.933,
				-10,
				0,
				5.967,
				-10
			]
		},
		{
			"Target": "Parameter",
			"Id": "PARAM_EYE_L_OPEN",
			"Segments": [
				0,
				1,
				1,
				0.622,
				1,
				1.244,
				1,
				1.867,
				1,
				1,
				1.922,
				1,
				1.978,
				0,
				2.033,
				0,
				1,
				2.133,
				0,
				2.233,
				1,
				2.333,
				1,
				1,
				3.533,
				1,
				4.733,
				1,
				5.933,
				1,
				0,
				5.967,
				1
			]
		},
		{
			"Target": "Parameter",
			"Id": "PARAM_EYE_R_OPEN",
			"Segments": [
				0,
				1,
				1,
				0.622,
				1,
				1.244,
				1,
				1.867,
				1,
				1,
				1.922,
				1,
				1.978,
				0,
				2.033,
				0,
				1,
				2.133,
				0,
				2.233,
				1,
				2.333,
				1,
				1,
				3.533,
				1,
				4.733,
				1,
				5.933,
				1,
				0,
				5.967,
				1
			]
		},
		{
			"Target": "Parameter",
			"Id": "PARAM_MOUTH_OPEN_Y",
			"Segments": [
				0,
				1,
				1,
				0.622,
				1,
				1.244,
				1,
				1.867,
				1,
				1,
				1.922,
				1,
				1.978,
				0,
				2.033,
				0,
				1,
				2.133,
				0,
				2.233,
				1,
				2.333,
				1,
				1,
				3.044,
				1,
				3.756,
				1,
				4.467,
				1,
				1,
				4.656,
				1,
				4.844,
				0,
				5.033,
				0,
				1,
				5.333,
				0,
				5.633,
				1,
				5.933,
				1,
				0,
				5.967,
				1
			]
		},
		{
			"Target": "Parameter",
			"Id": "PARAM_BODY_ANGLE_X",
			"Segments": [
				0,
				-2,
				1,
				0.467,
				-2,
				0.933,
				2,
				1.4,
				2,
				1,
				1.878,
				2,
				2.356,
				-2,
				2.833,
				-2,
				1,
				3.378,
				-2,
				3.922,
				4,
				4.467,
				4,
				1,
				4.956,
				4,
				5.444,
				-2,
				5.933,
				-2,
				0,
				5.967,
				-2
			]
		},
		{
			"Target": "Parameter",
			"Id": "PARAM_BODY_ANGLE_Z",
			"Segments": [
				0,
				-5,
				1,
				0.467,
				-5,
				0.933,
				6,
				1.4,
				6,
				1,
				1.878,
				6,
				2.356,
				-5,
				2.833,
				-5,
				1,
				3.378,
				-5,
				3.922,
				6,
				4.467,
				6,
				1,
				4.956,
				6,
				5.444,
				-5,
				5.933,
				-5,
				0,
				5.967,
				-5
			]
		},
		{
			"Target": "Parameter",
			"Id": "PARAM_BODY_ANGLE_Y",
			"Segments": [
				0,
				0,
				1,
				1.978,
				0,
				3.956,
				0,
				5.933,
				0,
				0,
				5.967,
				0
			]
		},
		{
			"Target": "Parameter",
			"Id": "PARAM_BREATH",
			"Segments": [
				0,
				0,
				1,
				1.978,
				0,
				3.956,
				0,
				5.933,
				0,
				0,
				5.967,
				0
			]
		},
		{
			"Target": "Parameter",
			"Id": "PARAM_BOWL_LID",
			"Segments": [
				0,
				50,
				1,
				1.978,
				50,
				3.956,
				50,
				5.933,
				50,
				0,
				5.967,
				50
			]
		},
		{
			"Target": "Parameter",
			"Id": "PARAM_YUGE_01",
			"Segments": [
				0,
				0,
				1,
				1.978,
				0,
				3.956,
				0,
				5.933,
				0,
				0,
				5.967,
				0
			]
		},
		{
			"Target": "Parameter",
			"Id": "PARAM_YUGE_02",
			"Segments": [
				0,
				0,
				1,
				1.978,
				0,
				3.956,
				0,
				5.933,
				0,
				0,
				5.967,
				0
			]
		},
		{
			"Target": "Parameter",
			"Id": "PARAM_EFFECT",
			"Segments": [
				0,
				0,
				1,
				1.978,
				0,
				3.956,
				0,
				5.933,
				0,
				0,
				5.967,
				0
			]
		},
		{
			"Target": "Parameter",
			"Id": "PARAM_EAR_L",
			"Segments": [
				0,
				0,
				1,
				0.267,
				0,
				0.533,
				0,
				0.8,
				0,
				1,
				0.867,
				0,
				0.933,
				0.82,
				1,
				0.82,
				1,
				1.056,
				0.82,
				1.111,
				-0.72,
				1.167,
				-0.72,
				1,
				1.222,
				-0.72,
				1.278,
				0.23,
				1.333,
				0.23,
				1,
				1.356,
				0.23,
				1.378,
				0,
				1.4,
				0,
				1,
				2.156,
				0,
				2.911,
				0,
				3.667,
				0,
				1,
				3.722,
				0,
				3.778,
				0.82,
				3.833,
				0.82,
				1,
				3.889,
				0.82,
				3.944,
				-0.72,
				4,
				-0.72,
				1,
				4.056,
				-0.72,
				4.111,
				0.23,
				4.167,
				0.23,
				1,
				4.2,
				0.23,
				4.233,
				0,
				4.267,
				0,
				1,
				4.822,
				0,
				5.378,
				0,
				5.933,
				0,
				0,
				5.967,
				0
			]
		},
		{
			"Target": "Parameter",
			"Id": "PARAM_EAR_R",
			"Segments": [
				0,
				0,
				1,
				1.978,
				0,
				3.956,
				0,
				5.933,
				0,
				0,
				5.967,
				0
			]
		},
		{
			"Target": "Parameter",
			"Id": "PARAM_HAND_L",
			"Segments": [
				0,
				0,
				1,
				1.978,
				0,
				3.956,
				0,
				5.933,
				0,
				0,
				5.967,
				0
			]
		},
		{
			"Target": "Parameter",
			"Id": "PARAM_HAND_R",
			"Segments": [
				0,
				0,
				1,
				1.978,
				0,
				3.956,
				0,
				5.933,
				0,
				0,
				5.967,
				0
			]
		},
		{
			"Target": "Parameter",
			"Id": "PARAM_SWING",
			"Segments": [
				0,
				0,
				0,
				5.967,
				0
			]
		},
		{
			"Target": "Parameter",
			"Id": "PARAM_BOWL_SWING",
			"Segments": [
				0,
				0,
				0,
				5.967,
				0
			]
		},
		{
			"Target": "Parameter",
			"Id": "PARAM_FACE_01",
			"Segments": [
				0,
				0,
				1,
				1.978,
				0,
				3.956,
				0,
				5.933,
				0,
				0,
				5.967,
				0
			]
		},
		{
			"Target": "Parameter",
			"Id": "PARAM_BASE_X",
			"Segments": [
				0,
				0,
				0,
				5.967,
				0
			]
		}
	]
}