{
	"Version": 3,
	"Meta": {
		"Duration": 2.533,
		"Fps": 30.0,
		"Loop": true,
		"AreBeziersRestricted": true,
		"CurveCount": 22,
		"TotalSegmentCount": 109,
		"TotalPointCount": 305,
		"UserDataCount": 0,
		"TotalUserDataSize": 0
	},
	"Curves": [
		{
			"Target": "Parameter",
			"Id": "PARAM_ANGLE_X",
			"Segments": [
				0,
				0,
				1,
				0.111,
				0,
				0.222,
				0,
				0.333,
				0,
				1,
				0.411,
				0,
				0.489,
				0,
				0.567,
				0,
				1,
				0.656,
				0,
				0.744,
				0,
				0.833,
				0,
				1,
				1.389,
				0,
				1.944,
				0,
				2.5,
				0,
				0,
				2.533,
				0
			]
		},
		{
			"Target": "Parameter",
			"Id": "PARAM_ANGLE_Y",
			"Segments": [
				0,
				30,
				1,
				0.111,
				30,
				0.222,
				30,
				0.333,
				30,
				1,
				0.411,
				30,
				0.489,
				30,
				0.567,
				30,
				1,
				0.656,
				30,
				0.744,
				30,
				0.833,
				30,
				1,
				1.389,
				30,
				1.944,
				30,
				2.5,
				30,
				0,
				2.533,
				30
			]
		},
		{
			"Target": "Parameter",
			"Id": "PARAM_ANGLE_Z",
			"Segments": [
				0,
				0,
				1,
				0.033,
				0,
				0.067,
				-30,
				0.1,
				-30,
				1,
				0.211,
				-30,
				0.322,
				30,
				0.433,
				30,
				1,
				0.511,
				30,
				0.589,
				-11,
				0.667,
				-11,
				1,
				0.756,
				-11,
				0.844,
				30,
				0.933,
				30,
				1,
				1.011,
				30,
				1.089,
				-14,
				1.167,
				-14,
				1,
				1.256,
				-14,
				1.344,
				9,
				1.433,
				9,
				1,
				1.522,
				9,
				1.611,
				-4,
				1.7,
				-4,
				1,
				1.8,
				-4,
				1.9,
				0,
				2,
				0,
				1,
				2.167,
				0,
				2.333,
				0,
				2.5,
				0,
				0,
				2.533,
				0
			]
		},
		{
			"Target": "Parameter",
			"Id": "PARAM_EYE_L_OPEN",
			"Segments": [
				0,
				0,
				1,
				0.189,
				0,
				0.378,
				0,
				0.567,
				0,
				1,
				0.844,
				0,
				1.122,
				0,
				1.4,
				0,
				1,
				1.456,
				0,
				1.511,
				1,
				1.567,
				1,
				1,
				1.878,
				1,
				2.189,
				1,
				2.5,
				1,
				0,
				2.533,
				1
			]
		},
		{
			"Target": "Parameter",
			"Id": "PARAM_EYE_R_OPEN",
			"Segments": [
				0,
				0,
				1,
				0.189,
				0,
				0.378,
				0,
				0.567,
				0,
				1,
				0.844,
				0,
				1.122,
				0,
				1.4,
				0,
				1,
				1.456,
				0,
				1.511,
				1,
				1.567,
				1,
				1,
				1.878,
				1,
				2.189,
				1,
				2.5,
				1,
				0,
				2.533,
				1
			]
		},
		{
			"Target": "Parameter",
			"Id": "PARAM_MOUTH_OPEN_Y",
			"Segments": [
				0,
				0,
				1,
				0.189,
				0,
				0.378,
				0,
				0.567,
				0,
				1,
				0.811,
				0,
				1.056,
				0,
				1.3,
				0,
				1,
				1.333,
				0,
				1.367,
				1,
				1.4,
				1,
				1,
				1.444,
				1,
				1.489,
				0,
				1.533,
				0,
				1,
				1.856,
				0,
				2.178,
				0,
				2.5,
				0,
				0,
				2.533,
				0
			]
		},
		{
			"Target": "Parameter",
			"Id": "PARAM_BODY_ANGLE_X",
			"Segments": [
				0,
				0,
				1,
				0.189,
				0,
				0.378,
				0,
				0.567,
				0,
				1,
				1.211,
				0,
				1.856,
				0,
				2.5,
				0,
				0,
				2.533,
				0
			]
		},
		{
			"Target": "Parameter",
			"Id": "PARAM_BODY_ANGLE_Z",
			"Segments": [
				0,
				-10,
				1,
				0.111,
				-10,
				0.222,
				10,
				0.333,
				10,
				1,
				0.411,
				10,
				0.489,
				-10,
				0.567,
				-10,
				1,
				0.656,
				-10,
				0.744,
				10,
				0.833,
				10,
				1,
				0.956,
				10,
				1.078,
				-3,
				1.2,
				-3,
				1,
				1.333,
				-3,
				1.467,
				-3,
				1.6,
				-3,
				1,
				1.722,
				-3,
				1.844,
				0,
				1.967,
				0,
				1,
				2.144,
				0,
				2.322,
				0,
				2.5,
				0,
				0,
				2.533,
				0
			]
		},
		{
			"Target": "Parameter",
			"Id": "PARAM_BODY_ANGLE_Y",
			"Segments": [
				0,
				10,
				1,
				0.067,
				10,
				0.133,
				-2,
				0.2,
				-2,
				1,
				0.244,
				-2,
				0.289,
				-2.18,
				0.333,
				0,
				1,
				0.411,
				3.815,
				0.489,
				10,
				0.567,
				10,
				1,
				0.622,
				10,
				0.678,
				-2,
				0.733,
				-2,
				1,
				0.767,
				-2,
				0.8,
				-1.988,
				0.833,
				0,
				1,
				0.922,
				5.303,
				1.011,
				10,
				1.1,
				10,
				1,
				1.167,
				10,
				1.233,
				-2,
				1.3,
				-2,
				1,
				1.333,
				-2,
				1.367,
				2,
				1.4,
				2,
				1,
				1.444,
				2,
				1.489,
				0,
				1.533,
				0,
				1,
				1.856,
				0,
				2.178,
				0,
				2.5,
				0,
				0,
				2.533,
				0
			]
		},
		{
			"Target": "Parameter",
			"Id": "PARAM_BREATH",
			"Segments": [
				0,
				0,
				1,
				0.833,
				0,
				1.667,
				0,
				2.5,
				0,
				0,
				2.533,
				0
			]
		},
		{
			"Target": "Parameter",
			"Id": "PARAM_BOWL_LID",
			"Segments": [
				0,
				50,
				1,
				0.833,
				50,
				1.667,
				50,
				2.5,
				50,
				0,
				2.533,
				50
			]
		},
		{
			"Target": "Parameter",
			"Id": "PARAM_YUGE_01",
			"Segments": [
				0,
				0,
				1,
				0.833,
				0,
				1.667,
				0,
				2.5,
				0,
				0,
				2.533,
				0
			]
		},
		{
			"Target": "Parameter",
			"Id": "PARAM_YUGE_02",
			"Segments": [
				0,
				0,
				1,
				0.833,
				0,
				1.667,
				0,
				2.5,
				0,
				0,
				2.533,
				0
			]
		},
		{
			"Target": "Parameter",
			"Id": "PARAM_EFFECT",
			"Segments": [
				0,
				0,
				1,
				0.833,
				0,
				1.667,
				0,
				2.5,
				0,
				0,
				2.533,
				0
			]
		},
		{
			"Target": "Parameter",
			"Id": "PARAM_EAR_L",
			"Segments": [
				0,
				0,
				1,
				0.044,
				0,
				0.089,
				0.65,
				0.133,
				0.65,
				1,
				0.211,
				0.65,
				0.289,
				-0.76,
				0.367,
				-0.76,
				1,
				0.467,
				-0.76,
				0.567,
				1,
				0.667,
				1,
				1,
				0.778,
				1,
				0.889,
				-1,
				1,
				-1,
				1,
				1.089,
				-1,
				1.178,
				1,
				1.267,
				1,
				1,
				1.333,
				1,
				1.4,
				0,
				1.467,
				0,
				1,
				1.522,
				0,
				1.578,
				1,
				1.633,
				1,
				1,
				1.711,
				1,
				1.789,
				-0.96,
				1.867,
				-0.96,
				1,
				1.922,
				-0.96,
				1.978,
				0.17,
				2.033,
				0.17,
				1,
				2.1,
				0.17,
				2.167,
				0,
				2.233,
				0,
				1,
				2.322,
				0,
				2.411,
				0,
				2.5,
				0,
				0,
				2.533,
				0
			]
		},
		{
			"Target": "Parameter",
			"Id": "PARAM_EAR_R",
			"Segments": [
				0,
				0,
				1,
				0.044,
				0,
				0.089,
				0.81,
				0.133,
				0.81,
				1,
				0.211,
				0.81,
				0.289,
				-1,
				0.367,
				-1,
				1,
				0.467,
				-1,
				0.567,
				1,
				0.667,
				1,
				1,
				0.778,
				1,
				0.889,
				-1,
				1,
				-1,
				1,
				1.089,
				-1,
				1.178,
				1,
				1.267,
				1,
				1,
				1.333,
				1,
				1.4,
				0.721,
				1.467,
				0,
				1,
				1.522,
				-0.601,
				1.578,
				-1,
				1.633,
				-1,
				1,
				1.711,
				-1,
				1.789,
				1,
				1.867,
				1,
				1,
				1.922,
				1,
				1.978,
				-0.16,
				2.033,
				-0.16,
				1,
				2.1,
				-0.16,
				2.167,
				0,
				2.233,
				0,
				1,
				2.322,
				0,
				2.411,
				0,
				2.5,
				0,
				0,
				2.533,
				0
			]
		},
		{
			"Target": "Parameter",
			"Id": "PARAM_HAND_L",
			"Segments": [
				0,
				0,
				1,
				0.189,
				0,
				0.378,
				0,
				0.567,
				0,
				1,
				0.822,
				0,
				1.078,
				0,
				1.333,
				0,
				1,
				1.378,
				0,
				1.422,
				1,
				1.467,
				1,
				1,
				1.5,
				1,
				1.533,
				0,
				1.567,
				0,
				1,
				1.878,
				0,
				2.189,
				0,
				2.5,
				0,
				0,
				2.533,
				0
			]
		},
		{
			"Target": "Parameter",
			"Id": "PARAM_HAND_R",
			"Segments": [
				0,
				0,
				1,
				0.189,
				0,
				0.378,
				0,
				0.567,
				0,
				1,
				0.822,
				0,
				1.078,
				0,
				1.333,
				0,
				1,
				1.378,
				0,
				1.422,
				1,
				1.467,
				1,
				1,
				1.5,
				1,
				1.533,
				0,
				1.567,
				0,
				1,
				1.878,
				0,
				2.189,
				0,
				2.5,
				0,
				0,
				2.533,
				0
			]
		},
		{
			"Target": "Parameter",
			"Id": "PARAM_SWING",
			"Segments": [
				0,
				0,
				0,
				2.533,
				0
			]
		},
		{
			"Target": "Parameter",
			"Id": "PARAM_BOWL_SWING",
			"Segments": [
				0,
				0,
				0,
				2.533,
				0
			]
		},
		{
			"Target": "Parameter",
			"Id": "PARAM_FACE_01",
			"Segments": [
				0,
				0,
				1,
				0.833,
				0,
				1.667,
				0,
				2.5,
				0,
				0,
				2.533,
				0
			]
		},
		{
			"Target": "Parameter",
			"Id": "PARAM_BASE_X",
			"Segments": [
				0,
				0,
				0,
				2.533,
				0
			]
		}
	]
}