{
	"Version": 3,
	"Parameters": [
		{
			"Id": "ParamAngleX",
			"GroupId": "",
			"Name": "角度 X"
		},
		{
			"Id": "ParamAngleY",
			"GroupId": "",
			"Name": "角度 Y"
		},
		{
			"Id": "ParamAngleZ",
			"GroupId": "",
			"Name": "角度 Z"
		},
		{
			"Id": "ParamEyeLOpen",
			"GroupId": "",
			"Name": "左目　開閉"
		},
		{
			"Id": "ParamEyeROpen",
			"GroupId": "",
			"Name": "右目　開閉"
		},
		{
			"Id": "ParamEyeBallX",
			"GroupId": "",
			"Name": "目玉 X"
		},
		{
			"Id": "ParamEyeBallY",
			"GroupId": "",
			"Name": "目玉 Y"
		},
		{
			"Id": "ParamBrowLY",
			"GroupId": "",
			"Name": "左眉　上下"
		},
		{
			"Id": "ParamBrowRY",
			"GroupId": "",
			"Name": "右眉　上下"
		},
		{
			"Id": "ParamMouthOpenY",
			"GroupId": "",
			"Name": "口　開閉"
		},
		{
			"Id": "ParamArmL",
			"GroupId": "",
			"Name": "左腕"
		},
		{
			"Id": "ParamArmR",
			"GroupId": "",
			"Name": "右腕"
		},
		{
			"Id": "ParamLeftLeg",
			"GroupId": "",
			"Name": "左脚"
		},
		{
			"Id": "ParamRightLeg",
			"GroupId": "",
			"Name": "右脚"
		},
		{
			"Id": "ParamBodyAngleX",
			"GroupId": "",
			"Name": "体の回転　X"
		},
		{
			"Id": "ParamBodyAngleY",
			"GroupId": "",
			"Name": "体の回転　Y"
		},
		{
			"Id": "ParamBodyAngleZ",
			"GroupId": "",
			"Name": "体の回転　Z"
		},
		{
			"Id": "ParamBreath",
			"GroupId": "",
			"Name": "呼吸"
		},
		{
			"Id": "ParamHairFront",
			"GroupId": "",
			"Name": "髪揺れ　前"
		},
		{
			"Id": "ParamHairSide",
			"GroupId": "",
			"Name": "髪揺れ　横"
		},
		{
			"Id": "ParamHairBack",
			"GroupId": "",
			"Name": "髪揺れ　後"
		}
	],
	"ParameterGroups": [],
	"Parts": [
		{
			"Id": "PartHead",
			"Name": "頭部"
		},
		{
			"Id": "PartBody",
			"Name": "体"
		},
		{
			"Id": "PartArmL",
			"Name": "左腕"
		},
		{
			"Id": "PartArmR",
			"Name": "右腕"
		},
		{
			"Id": "PartHairBack",
			"Name": "後ろ髪"
		},
		{
			"Id": "Part",
			"Name": "コア"
		},
		{
			"Id": "PartHairFront",
			"Name": "前髪"
		},
		{
			"Id": "PartEyeL",
			"Name": "左目"
		},
		{
			"Id": "PartEyeR",
			"Name": "右目"
		},
		{
			"Id": "PartHairSide",
			"Name": "横髪"
		},
		{
			"Id": "PartMouth",
			"Name": "口"
		},
		{
			"Id": "PartFace",
			"Name": "顔"
		},
		{
			"Id": "PartEyeBallL",
			"Name": "左目玉"
		},
		{
			"Id": "PartEyeWhiteL",
			"Name": "左白目"
		},
		{
			"Id": "PartEyeBallR",
			"Name": "右目玉"
		},
		{
			"Id": "PartEyeWhiteR",
			"Name": "右白目"
		},
		{
			"Id": "PartOral",
			"Name": "口内"
		}
	]
}