{
	"Version": 3,
	"Meta": {
		"Duration": 5,
		"Fps": 30.0,
		"Loop": true,
		"AreBeziersRestricted": true,
		"CurveCount": 54,
		"TotalSegmentCount": 164,
		"TotalPointCount": 440,
		"UserDataCount": 0,
		"TotalUserDataSize": 0
	},
	"Curves": [
		{
			"Target": "Parameter",
			"Id": "ParamAngleX",
			"Segments": [
				0,
				0,
				1,
				0.278,
				0,
				0.556,
				30,
				0.833,
				30,
				1,
				1.189,
				30,
				1.544,
				26,
				1.9,
				26,
				1,
				2.344,
				26,
				2.789,
				26,
				3.233,
				26,
				1,
				3.622,
				26,
				4.011,
				0,
				4.4,
				0,
				0,
				5,
				0
			]
		},
		{
			"Target": "Parameter",
			"Id": "ParamAngleZ",
			"Segments": [
				0,
				0,
				1,
				0.311,
				0,
				0.622,
				18,
				0.933,
				18,
				1,
				1.3,
				18,
				1.667,
				9,
				2.033,
				9,
				1,
				2.533,
				9,
				3.033,
				9,
				3.533,
				9,
				1,
				3.822,
				9,
				4.111,
				-2,
				4.4,
				-2,
				1,
				4.556,
				-2,
				4.711,
				0,
				4.867,
				0,
				0,
				5,
				0
			]
		},
		{
			"Target": "Parameter",
			"Id": "ParamEyeLOpen",
			"Segments": [
				0,
				1,
				0,
				5,
				1
			]
		},
		{
			"Target": "Parameter",
			"Id": "ParamEyeROpen",
			"Segments": [
				0,
				1,
				0,
				5,
				1
			]
		},
		{
			"Target": "Parameter",
			"Id": "ParamEyeBallX",
			"Segments": [
				0,
				0,
				1,
				0.256,
				0,
				0.511,
				1,
				0.767,
				1,
				1,
				1.611,
				1,
				2.456,
				1,
				3.3,
				1,
				1,
				3.667,
				1,
				4.033,
				0,
				4.4,
				0,
				0,
				5,
				0
			]
		},
		{
			"Target": "Parameter",
			"Id": "ParamEyeBallY",
			"Segments": [
				0,
				0,
				1,
				0.089,
				0,
				0.178,
				0,
				0.267,
				0,
				1,
				0.433,
				0,
				0.6,
				-1,
				0.767,
				-1,
				1,
				1.611,
				-1,
				2.456,
				-1,
				3.3,
				-1,
				1,
				3.667,
				-1,
				4.033,
				0,
				4.4,
				0,
				0,
				5,
				0
			]
		},
		{
			"Target": "Parameter",
			"Id": "ParamBodyAngleX",
			"Segments": [
				0,
				0,
				1,
				0.267,
				0,
				0.533,
				-10,
				0.8,
				-10,
				1,
				1.122,
				-10,
				1.444,
				-9,
				1.767,
				-9,
				1,
				2.144,
				-9,
				2.522,
				-9,
				2.9,
				-9,
				1,
				3.133,
				-9,
				3.367,
				-9.201,
				3.6,
				-8,
				1,
				3.856,
				-6.685,
				4.111,
				0,
				4.367,
				0,
				0,
				5,
				0
			]
		},
		{
			"Target": "Parameter",
			"Id": "ParamBodyAngleY",
			"Segments": [
				0,
				0,
				1,
				0.267,
				0,
				0.533,
				2,
				0.8,
				2,
				1,
				1.144,
				2,
				1.489,
				0,
				1.833,
				0,
				1,
				2.111,
				0,
				2.389,
				1,
				2.667,
				1,
				1,
				2.833,
				1,
				3,
				1,
				3.167,
				1,
				1,
				3.344,
				1,
				3.522,
				2,
				3.7,
				2,
				1,
				3.922,
				2,
				4.144,
				0,
				4.367,
				0,
				0,
				5,
				0
			]
		},
		{
			"Target": "Parameter",
			"Id": "ParamBodyAngleZ",
			"Segments": [
				0,
				0,
				1,
				0.289,
				0,
				0.578,
				1,
				0.867,
				1,
				1,
				1.222,
				1,
				1.578,
				-0.16,
				1.933,
				-0.16,
				1,
				2.2,
				-0.16,
				2.467,
				0,
				2.733,
				0,
				1,
				2.889,
				0,
				3.044,
				0,
				3.2,
				0,
				1,
				3.4,
				0,
				3.6,
				1,
				3.8,
				1,
				1,
				3.989,
				1,
				4.178,
				0,
				4.367,
				0,
				0,
				5,
				0
			]
		},
		{
			"Target": "Parameter",
			"Id": "ParamShoulderR",
			"Segments": [
				0,
				0,
				1,
				0.078,
				0,
				0.156,
				0,
				0.233,
				0,
				1,
				0.478,
				0,
				0.722,
				5.2,
				0.967,
				5.2,
				1,
				1.211,
				5.2,
				1.456,
				0,
				1.7,
				0,
				0,
				5,
				0
			]
		},
		{
			"Target": "Parameter",
			"Id": "ParamShoulderL",
			"Segments": [
				0,
				0,
				1,
				0.078,
				0,
				0.156,
				0,
				0.233,
				0,
				1,
				0.478,
				0,
				0.722,
				5.2,
				0.967,
				5.2,
				1,
				1.211,
				5.2,
				1.456,
				0,
				1.7,
				0,
				0,
				5,
				0
			]
		},
		{
			"Target": "Parameter",
			"Id": "ParamLegKnee",
			"Segments": [
				0,
				0,
				0,
				5,
				0
			]
		},
		{
			"Target": "Parameter",
			"Id": "ParamLegR",
			"Segments": [
				0,
				0,
				0,
				5,
				0
			]
		},
		{
			"Target": "Parameter",
			"Id": "ParamLegRUpDw",
			"Segments": [
				0,
				0,
				0,
				5,
				0
			]
		},
		{
			"Target": "Parameter",
			"Id": "ParamAllZ",
			"Segments": [
				0,
				0,
				0,
				5,
				0
			]
		},
		{
			"Target": "Parameter",
			"Id": "ParamArmR01",
			"Segments": [
				0,
				0,
				1,
				0.189,
				0,
				0.378,
				-9,
				0.567,
				-9,
				1,
				0.867,
				-9,
				1.167,
				-7,
				1.467,
				-7,
				1,
				2.033,
				-7,
				2.6,
				-7,
				3.167,
				-7,
				1,
				3.511,
				-7,
				3.856,
				0,
				4.2,
				0,
				1,
				4.4,
				0,
				4.6,
				0,
				4.8,
				0,
				0,
				5,
				0
			]
		},
		{
			"Target": "Parameter",
			"Id": "ParamArmR01Y",
			"Segments": [
				0,
				0,
				1,
				1.067,
				0,
				2.133,
				0,
				3.2,
				0,
				1,
				3.656,
				0,
				4.111,
				0,
				4.567,
				0,
				0,
				5,
				0
			]
		},
		{
			"Target": "Parameter",
			"Id": "ParamArmR02",
			"Segments": [
				0,
				0,
				1,
				0.067,
				0,
				0.133,
				0,
				0.2,
				0,
				1,
				0.367,
				0,
				0.533,
				-27,
				0.7,
				-27,
				1,
				1.011,
				-27,
				1.322,
				-22,
				1.633,
				-22,
				1,
				1.9,
				-22,
				2.167,
				-23,
				2.433,
				-23,
				1,
				2.589,
				-23,
				2.744,
				-23,
				2.9,
				-23,
				1,
				3.033,
				-23,
				3.167,
				-24.01,
				3.3,
				-24.01,
				1,
				3.489,
				-24.01,
				3.678,
				1,
				3.867,
				1,
				1,
				4.1,
				1,
				4.333,
				0,
				4.567,
				0,
				0,
				5,
				0
			]
		},
		{
			"Target": "Parameter",
			"Id": "ParamArmR02Y",
			"Segments": [
				0,
				-10,
				1,
				0.033,
				-10,
				0.067,
				-10,
				0.1,
				-10,
				1,
				0.233,
				-10,
				0.367,
				-18,
				0.5,
				-18,
				1,
				1.478,
				-18,
				2.456,
				-18,
				3.433,
				-18,
				1,
				3.611,
				-18,
				3.789,
				-10,
				3.967,
				-10,
				0,
				5,
				-10
			]
		},
		{
			"Target": "Parameter",
			"Id": "ParamArmR03",
			"Segments": [
				0,
				0,
				1,
				0.267,
				0,
				0.533,
				-10,
				0.8,
				-10,
				1,
				1.156,
				-10,
				1.511,
				8,
				1.867,
				8,
				1,
				2.311,
				8,
				2.756,
				8,
				3.2,
				8,
				1,
				3.656,
				8,
				4.111,
				0,
				4.567,
				0,
				0,
				5,
				0
			]
		},
		{
			"Target": "Parameter",
			"Id": "ParamArmL01",
			"Segments": [
				0,
				0,
				1,
				0.211,
				0,
				0.422,
				-6,
				0.633,
				-6,
				1,
				1.533,
				-6,
				2.433,
				-6,
				3.333,
				-6,
				1,
				3.678,
				-6,
				4.022,
				0,
				4.367,
				0,
				0,
				5,
				0
			]
		},
		{
			"Target": "Parameter",
			"Id": "ParamArmL02",
			"Segments": [
				0,
				0,
				1,
				0.233,
				0,
				0.467,
				-2,
				0.7,
				-2,
				1,
				1.622,
				-2,
				2.544,
				-2,
				3.467,
				-2,
				1,
				3.8,
				-2,
				4.133,
				0,
				4.467,
				0,
				0,
				5,
				0
			]
		},
		{
			"Target": "Parameter",
			"Id": "ParamArmL03",
			"Segments": [
				0,
				0,
				1,
				0.233,
				0,
				0.467,
				-11,
				0.7,
				-11,
				1,
				1.589,
				-11,
				2.478,
				-11,
				3.367,
				-11,
				1,
				3.7,
				-11,
				4.033,
				0,
				4.367,
				0,
				0,
				5,
				0
			]
		},
		{
			"Target": "Parameter",
			"Id": "ParamArmChange",
			"FadeInTime": 0.0,
			"FadeOutTime": 0.0,
			"Segments": [
				0,
				0,
				0,
				5,
				0
			]
		},
		{
			"Target": "Parameter",
			"Id": "ParamBookPage",
			"Segments": [
				0,
				0,
				0,
				5,
				0
			]
		},
		{
			"Target": "Parameter",
			"Id": "ParamFlameOn",
			"Segments": [
				0,
				0,
				1,
				0.2,
				0,
				0.4,
				0,
				0.6,
				0,
				1,
				0.756,
				0,
				0.911,
				1,
				1.067,
				1,
				1,
				2,
				1,
				2.933,
				1,
				3.867,
				1,
				1,
				4.011,
				1,
				4.156,
				0,
				4.3,
				0,
				0,
				5,
				0
			]
		},
		{
			"Target": "Parameter",
			"Id": "ParamFlame",
			"Segments": [
				0,
				0,
				0,
				0.833,
				30,
				2,
				0.867,
				1.2,
				0,
				1.667,
				30,
				2,
				1.7,
				1.2,
				0,
				2.5,
				30,
				2,
				2.533,
				1.2,
				0,
				3.333,
				30,
				2,
				3.367,
				1.2,
				0,
				4.167,
				30,
				2,
				4.2,
				1.2,
				0,
				5,
				30
			]
		},
		{
			"Target": "Parameter",
			"Id": "ParamFlameShaking",
			"Segments": [
				0,
				0,
				1,
				1.667,
				0,
				3.333,
				0,
				5,
				0
			]
		},
		{
			"Target": "Parameter",
			"Id": "ParamFlameX",
			"Segments": [
				0,
				0,
				1,
				0.2,
				0,
				0.4,
				-24,
				0.6,
				-24,
				1,
				1.789,
				-24,
				2.978,
				0,
				4.167,
				0,
				1,
				4.444,
				0,
				4.722,
				0,
				5,
				0
			]
		},
		{
			"Target": "Parameter",
			"Id": "ParamFlameY",
			"Segments": [
				0,
				0,
				1,
				0.089,
				0,
				0.178,
				-10,
				0.267,
				-10,
				1,
				0.489,
				-10,
				0.711,
				4,
				0.933,
				4,
				1,
				1.111,
				4,
				1.289,
				-10,
				1.467,
				-10,
				1,
				1.689,
				-10,
				1.911,
				4,
				2.133,
				4,
				1,
				2.3,
				4,
				2.467,
				-10,
				2.633,
				-10,
				1,
				2.867,
				-10,
				3.1,
				4,
				3.333,
				4,
				1,
				3.611,
				4,
				3.889,
				0,
				4.167,
				0,
				1,
				4.444,
				0,
				4.722,
				0,
				5,
				0
			]
		},
		{
			"Target": "Parameter",
			"Id": "ParamCharge01On",
			"Segments": [
				0,
				0,
				1,
				1.667,
				0,
				3.333,
				0,
				5,
				0
			]
		},
		{
			"Target": "Parameter",
			"Id": "ParamCharge01",
			"Segments": [
				0,
				0,
				0,
				5,
				0
			]
		},
		{
			"Target": "Parameter",
			"Id": "ParamHandLightAOn",
			"Segments": [
				0,
				0,
				1,
				1.667,
				0,
				3.333,
				0,
				5,
				0
			]
		},
		{
			"Target": "Parameter",
			"Id": "ParamHandLightASize",
			"Segments": [
				0,
				0,
				1,
				1.667,
				0,
				3.333,
				0,
				5,
				0
			]
		},
		{
			"Target": "Parameter",
			"Id": "ParamMagicPowersA",
			"Segments": [
				0,
				0,
				1,
				1.667,
				0,
				3.333,
				0,
				5,
				0
			]
		},
		{
			"Target": "Parameter",
			"Id": "ParamMagicAOn",
			"Segments": [
				0,
				0,
				1,
				1.667,
				0,
				3.333,
				0,
				5,
				0
			]
		},
		{
			"Target": "Parameter",
			"Id": "ParamMagicARotation",
			"Segments": [
				0,
				0,
				0,
				5,
				0
			]
		},
		{
			"Target": "Parameter",
			"Id": "ParamMagicALight",
			"Segments": [
				0,
				0,
				1,
				1.667,
				0,
				3.333,
				0,
				5,
				0
			]
		},
		{
			"Target": "Parameter",
			"Id": "ParamEffectAX",
			"Segments": [
				0,
				0,
				0,
				5,
				0
			]
		},
		{
			"Target": "Parameter",
			"Id": "ParamEffectAY",
			"Segments": [
				0,
				0,
				0,
				5,
				0
			]
		},
		{
			"Target": "Parameter",
			"Id": "ParamHandLightBOn",
			"Segments": [
				0,
				0,
				1,
				1.667,
				0,
				3.333,
				0,
				5,
				0
			]
		},
		{
			"Target": "Parameter",
			"Id": "ParamHandLightBSize",
			"Segments": [
				0,
				0,
				1,
				1.667,
				0,
				3.333,
				0,
				5,
				0
			]
		},
		{
			"Target": "Parameter",
			"Id": "ParamMagicBOn",
			"Segments": [
				0,
				0,
				1,
				1.667,
				0,
				3.333,
				0,
				5,
				0
			]
		},
		{
			"Target": "Parameter",
			"Id": "ParamMagicBRotation",
			"Segments": [
				0,
				0,
				0,
				5,
				0
			]
		},
		{
			"Target": "Parameter",
			"Id": "ParamMagicBMove",
			"Segments": [
				0,
				0,
				1,
				1.667,
				0,
				3.333,
				0,
				5,
				0
			]
		},
		{
			"Target": "Parameter",
			"Id": "ParamMagicBX",
			"Segments": [
				0,
				0,
				1,
				1.667,
				0,
				3.333,
				0,
				5,
				0
			]
		},
		{
			"Target": "Parameter",
			"Id": "ParamMagicPowersBOn",
			"Segments": [
				0,
				0,
				1,
				1.667,
				0,
				3.333,
				0,
				5,
				0
			]
		},
		{
			"Target": "Parameter",
			"Id": "ParamMagicPowersBSize",
			"Segments": [
				0,
				0,
				1,
				1.667,
				0,
				3.333,
				0,
				5,
				0
			]
		},
		{
			"Target": "Parameter",
			"Id": "ParamMagicPowersBThicknesses",
			"Segments": [
				0,
				0,
				1,
				1.667,
				0,
				3.333,
				0,
				5,
				0
			]
		},
		{
			"Target": "Parameter",
			"Id": "ParamEffectBX",
			"Segments": [
				0,
				0,
				0,
				5,
				0
			]
		},
		{
			"Target": "Parameter",
			"Id": "ParamEffectBY",
			"Segments": [
				0,
				0,
				0,
				5,
				0
			]
		},
		{
			"Target": "Parameter",
			"Id": "ParamSkirt",
			"Segments": [
				0,
				0,
				0,
				1,
				30,
				2,
				1.033,
				1,
				0,
				2,
				30,
				2,
				2.033,
				1,
				0,
				3,
				30,
				2,
				3.033,
				1,
				0,
				4,
				30,
				2,
				4.033,
				1,
				0,
				5,
				30
			]
		},
		{
			"Target": "Parameter",
			"Id": "ParamSkirtX",
			"Segments": [
				0,
				0,
				1,
				0.167,
				0,
				0.333,
				-0.5,
				0.5,
				-0.5,
				1,
				0.778,
				-0.5,
				1.056,
				0.2,
				1.333,
				0.2,
				1,
				1.633,
				0.2,
				1.933,
				-0.4,
				2.233,
				-0.4,
				1,
				2.567,
				-0.4,
				2.9,
				0.4,
				3.233,
				0.4,
				1,
				3.822,
				0.4,
				4.411,
				0,
				5,
				0
			]
		},
		{
			"Target": "Parameter",
			"Id": "ParamSkirtY",
			"Segments": [
				0,
				0,
				1,
				0.289,
				0,
				0.578,
				0.4,
				0.867,
				0.4,
				1,
				1.189,
				0.4,
				1.511,
				-0.7,
				1.833,
				-0.7,
				1,
				2.222,
				-0.7,
				2.611,
				-0.214,
				3,
				0,
				1,
				3.378,
				0.208,
				3.756,
				0.2,
				4.133,
				0.2,
				1,
				4.422,
				0.2,
				4.711,
				0,
				5,
				0
			]
		}
	]
}