{
	"Type": "Live2D Expression",
	"Parameters": [
		{
			"Id": "ParamEyeLOpen",
			"Value": 0,
			"Blend": "Add"
		},
		{
			"Id": "ParamEyeLSmile",
			"Value": 0,
			"Blend": "Add"
		},
		{
			"Id": "ParamEyeLForm",
			"Value": 0,
			"Blend": "Add"
		},
		{
			"Id": "ParamEyeROpen",
			"Value": 0,
			"Blend": "Add"
		},
		{
			"Id": "ParamEyeRSmile",
			"Value": 0,
			"Blend": "Add"
		},
		{
			"Id": "ParamEyeRForm",
			"Value": 0,
			"Blend": "Add"
		},
		{
			"Id": "ParamEyeBallForm",
			"Value": 0,
			"Blend": "Add"
		},
		{
			"Id": "ParamBrowLY",
			"Value": 0,
			"Blend": "Add"
		},
		{
			"Id": "ParamBrowRY",
			"Value": 0,
			"Blend": "Add"
		},
		{
			"Id": "ParamBrowLX",
			"Value": 0,
			"Blend": "Add"
		},
		{
			"Id": "ParamBrowRX",
			"Value": 0,
			"Blend": "Add"
		},
		{
			"Id": "ParamBrowLAngle",
			"Value": 0,
			"Blend": "Add"
		},
		{
			"Id": "ParamBrowRAngle",
			"Value": 0,
			"Blend": "Add"
		},
		{
			"Id": "ParamBrowLForm",
			"Value": 0,
			"Blend": "Add"
		},
		{
			"Id": "ParamBrowLForm2",
			"Value": 0,
			"Blend": "Add"
		},
		{
			"Id": "ParamBrowRForm",
			"Value": 0,
			"Blend": "Add"
		},
		{
			"Id": "ParamBrowRForm2",
			"Value": 0,
			"Blend": "Add"
		},
		{
			"Id": "ParamMouthForm",
			"Value": 0,
			"Blend": "Add"
		},
		{
			"Id": "ParamMouthOpenY",
			"Value": 0,
			"Blend": "Add"
		},
		{
			"Id": "ParamMouthForm2",
			"Value": 0,
			"Blend": "Add"
		},
		{
			"Id": "ParamTeethOn",
			"Value": 0,
			"Blend": "Add"
		},
		{
			"Id": "ParamCheek",
			"Value": 0,
			"Blend": "Add"
		},
		{
			"Id": "ParamGlassUD",
			"Value": 0,
			"Blend": "Add"
		},
		{
			"Id": "ParamGrassWhite",
			"Value": 0,
			"Blend": "Add"
		},
		{
			"Id": "ParamGrassHighlight",
			"Value": 0,
			"Blend": "Add"
		},
		{
			"Id": "ParamGrassHighlightMove",
			"Value": 0,
			"Blend": "Add"
		}
	]
}