{
	"Type": "Live2D Expression",
	"FadeInTime": 0.5,
	"FadeOutTime": 0.5,
	"Parameters": [
		{
			"Id": "ParamCheek",
			"Value": 0,
			"Blend": "Add"
		},
		{
			"Id": "ParamEyeLOpen",
			"Value": 1,
			"Blend": "Multiply"
		},
		{
			"Id": "ParamEyeLSmile",
			"Value": 0,
			"Blend": "Add"
		},
		{
			"Id": "ParamEyeLForm",
			"Value": 0,
			"Blend": "Add"
		},
		{
			"Id": "ParamEyeROpen",
			"Value": 1,
			"Blend": "Multiply"
		},
		{
			"Id": "ParamEyeRSmile",
			"Value": 0,
			"Blend": "Add"
		},
		{
			"Id": "ParamEyeRForm",
			"Value": 0,
			"Blend": "Add"
		},
		{
			"Id": "ParamEyeBallX",
			"Value": 0,
			"Blend": "Add"
		},
		{
			"Id": "ParamEyeBallY",
			"Value": 0,
			"Blend": "Add"
		},
		{
			"Id": "ParamEyeBallForm",
			"Value": 0,
			"Blend": "Add"
		},
		{
			"Id": "ParamEyeEffect",
			"Value": 0,
			"Blend": "Add"
		},
		{
			"Id": "ParamBrowLY",
			"Value": 0,
			"Blend": "Add"
		},
		{
			"Id": "ParamBrowRY",
			"Value": 0,
			"Blend": "Add"
		},
		{
			"Id": "ParamBrowLX",
			"Value": 0,
			"Blend": "Add"
		},
		{
			"Id": "ParamBrowRX",
			"Value": 0,
			"Blend": "Add"
		},
		{
			"Id": "ParamBrowLAngle",
			"Value": 0,
			"Blend": "Add"
		},
		{
			"Id": "ParamBrowRAngle",
			"Value": 0,
			"Blend": "Add"
		},
		{
			"Id": "ParamBrowLForm",
			"Value": 0,
			"Blend": "Add"
		},
		{
			"Id": "ParamBrowRForm",
			"Value": 0,
			"Blend": "Add"
		},
		{
			"Id": "ParamA",
			"Value": 0,
			"Blend": "Add"
		},
		{
			"Id": "ParamI",
			"Value": 0,
			"Blend": "Add"
		},
		{
			"Id": "ParamU",
			"Value": 0,
			"Blend": "Add"
		},
		{
			"Id": "ParamE",
			"Value": 0,
			"Blend": "Add"
		},
		{
			"Id": "ParamO",
			"Value": 0,
			"Blend": "Add"
		},
		{
			"Id": "ParamMouthUp",
			"Value": 0,
			"Blend": "Add"
		},
		{
			"Id": "ParamMouthDown",
			"Value": 0,
			"Blend": "Add"
		},
		{
			"Id": "ParamMouthAngry",
			"Value": 0,
			"Blend": "Add"
		},
		{
			"Id": "ParamMouthAngryLine",
			"Value": 0,
			"Blend": "Add"
		}
	]
}