{
	"Version": 3,
	"Meta": {
		"Duration": 5,
		"Fps": 30.0,
		"Loop": true,
		"AreBeziersRestricted": true,
		"CurveCount": 99,
		"TotalSegmentCount": 283,
		"TotalPointCount": 752,
		"UserDataCount": 0,
		"TotalUserDataSize": 0
	},
	"Curves": [
		{
			"Target": "Parameter",
			"Id": "ParamAngleX",
			"Segments": [
				0,
				0,
				1,
				0.056,
				0,
				0.111,
				0,
				0.167,
				0,
				1,
				0.4,
				0,
				0.633,
				0,
				0.867,
				0,
				1,
				1.167,
				0,
				1.467,
				13.505,
				1.767,
				16,
				1,
				2.011,
				18.033,
				2.256,
				17.623,
				2.5,
				17.623,
				1,
				2.856,
				17.623,
				3.211,
				-4.813,
				3.567,
				-6,
				1,
				3.8,
				-6.779,
				4.033,
				-6.496,
				4.267,
				-6.496,
				0,
				5,
				-6.496
			]
		},
		{
			"Target": "Parameter",
			"Id": "ParamAngleY",
			"Segments": [
				0,
				0.017,
				1,
				0.056,
				0.017,
				0.111,
				0.017,
				0.167,
				0.017,
				1,
				0.456,
				0.017,
				0.744,
				0.229,
				1.033,
				1,
				1,
				1.211,
				1.475,
				1.389,
				2,
				1.567,
				2,
				1,
				1.744,
				2,
				1.922,
				0,
				2.1,
				0,
				1,
				2.4,
				0,
				2.7,
				3,
				3,
				3,
				1,
				3.211,
				3,
				3.422,
				-5.586,
				3.633,
				-5.586,
				1,
				3.644,
				-5.586,
				3.656,
				-5.586,
				3.667,
				-5.586,
				1,
				3.822,
				-5.586,
				3.978,
				1,
				4.133,
				1,
				1,
				4.389,
				1,
				4.644,
				0,
				4.9,
				0,
				0,
				5,
				0
			]
		},
		{
			"Target": "Parameter",
			"Id": "ParamAngleZ",
			"Segments": [
				0,
				0,
				1,
				0.056,
				0,
				0.111,
				0,
				0.167,
				0,
				1,
				0.433,
				0,
				0.7,
				-3,
				0.967,
				-3,
				1,
				1.256,
				-3,
				1.544,
				4.968,
				1.833,
				6,
				1,
				2.156,
				7.151,
				2.478,
				7,
				2.8,
				7,
				1,
				3,
				7,
				3.2,
				-2,
				3.4,
				-2,
				1,
				3.578,
				-2,
				3.756,
				0,
				3.933,
				0,
				0,
				5,
				0
			]
		},
		{
			"Target": "Parameter",
			"Id": "ParamEyeLOpen",
			"Segments": [
				0,
				1,
				1,
				0.056,
				1,
				0.111,
				1,
				0.167,
				1,
				1,
				0.589,
				1,
				1.011,
				1,
				1.433,
				1,
				1,
				1.467,
				1,
				1.5,
				0,
				1.533,
				0,
				1,
				1.556,
				0,
				1.578,
				0,
				1.6,
				0,
				1,
				1.678,
				0,
				1.756,
				1,
				1.833,
				1,
				1,
				2.344,
				1,
				2.856,
				1,
				3.367,
				1,
				1,
				3.4,
				1,
				3.433,
				0,
				3.467,
				0,
				1,
				3.489,
				0,
				3.511,
				0,
				3.533,
				0,
				1,
				3.611,
				0,
				3.689,
				1,
				3.767,
				1,
				0,
				5,
				1
			]
		},
		{
			"Target": "Parameter",
			"Id": "ParamEyeLSmile",
			"Segments": [
				0,
				0,
				1,
				0.056,
				0,
				0.111,
				0,
				0.167,
				0,
				0,
				5,
				0
			]
		},
		{
			"Target": "Parameter",
			"Id": "ParamEyeLForm",
			"Segments": [
				0,
				0,
				1,
				0.056,
				0,
				0.111,
				0,
				0.167,
				0,
				0,
				5,
				0
			]
		},
		{
			"Target": "Parameter",
			"Id": "ParamEyeROpen",
			"Segments": [
				0,
				1,
				1,
				0.056,
				1,
				0.111,
				1,
				0.167,
				1,
				1,
				0.589,
				1,
				1.011,
				1,
				1.433,
				1,
				1,
				1.467,
				1,
				1.5,
				0,
				1.533,
				0,
				1,
				1.556,
				0,
				1.578,
				0,
				1.6,
				0,
				1,
				1.678,
				0,
				1.756,
				1,
				1.833,
				1,
				1,
				2.344,
				1,
				2.856,
				1,
				3.367,
				1,
				1,
				3.4,
				1,
				3.433,
				0,
				3.467,
				0,
				1,
				3.489,
				0,
				3.511,
				0,
				3.533,
				0,
				1,
				3.611,
				0,
				3.689,
				1,
				3.767,
				1,
				0,
				5,
				1
			]
		},
		{
			"Target": "Parameter",
			"Id": "ParamEyeRSmile",
			"Segments": [
				0,
				0,
				1,
				0.056,
				0,
				0.111,
				0,
				0.167,
				0,
				0,
				5,
				0
			]
		},
		{
			"Target": "Parameter",
			"Id": "ParamEyeRForm",
			"Segments": [
				0,
				0,
				1,
				0.056,
				0,
				0.111,
				0,
				0.167,
				0,
				0,
				5,
				0
			]
		},
		{
			"Target": "Parameter",
			"Id": "ParamEyeBallX",
			"Segments": [
				0,
				0,
				1,
				0.056,
				0,
				0.111,
				0,
				0.167,
				0,
				1,
				0.578,
				0,
				0.989,
				0,
				1.4,
				0,
				1,
				1.544,
				0,
				1.689,
				0.542,
				1.833,
				0.542,
				1,
				2.056,
				0.542,
				2.278,
				0.542,
				2.5,
				0.542,
				1,
				2.789,
				0.542,
				3.078,
				0,
				3.367,
				0,
				0,
				5,
				0
			]
		},
		{
			"Target": "Parameter",
			"Id": "ParamEyeBallY",
			"Segments": [
				0,
				0,
				1,
				0.056,
				0,
				0.111,
				0,
				0.167,
				0,
				1,
				0.578,
				0,
				0.989,
				0,
				1.4,
				0,
				1,
				1.544,
				0,
				1.689,
				-0.386,
				1.833,
				-0.386,
				1,
				2.056,
				-0.386,
				2.278,
				-0.386,
				2.5,
				-0.386,
				1,
				2.789,
				-0.386,
				3.078,
				0,
				3.367,
				0,
				0,
				5,
				0
			]
		},
		{
			"Target": "Parameter",
			"Id": "ParamEyeBallForm",
			"Segments": [
				0,
				0,
				1,
				0.056,
				0,
				0.111,
				0,
				0.167,
				0,
				0,
				5,
				0
			]
		},
		{
			"Target": "Parameter",
			"Id": "ParamBrowLY",
			"Segments": [
				0,
				0,
				1,
				0.056,
				0,
				0.111,
				0,
				0.167,
				0,
				0,
				5,
				0
			]
		},
		{
			"Target": "Parameter",
			"Id": "ParamBrowRY",
			"Segments": [
				0,
				0,
				1,
				0.056,
				0,
				0.111,
				0,
				0.167,
				0,
				0,
				5,
				0
			]
		},
		{
			"Target": "Parameter",
			"Id": "ParamBrowLX",
			"Segments": [
				0,
				0,
				1,
				0.056,
				0,
				0.111,
				0,
				0.167,
				0,
				0,
				5,
				0
			]
		},
		{
			"Target": "Parameter",
			"Id": "ParamBrowRX",
			"Segments": [
				0,
				0,
				1,
				0.056,
				0,
				0.111,
				0,
				0.167,
				0,
				0,
				5,
				0
			]
		},
		{
			"Target": "Parameter",
			"Id": "ParamBrowLAngle",
			"Segments": [
				0,
				0,
				1,
				0.056,
				0,
				0.111,
				0,
				0.167,
				0,
				0,
				5,
				0
			]
		},
		{
			"Target": "Parameter",
			"Id": "ParamBrowRAngle",
			"Segments": [
				0,
				0,
				1,
				0.056,
				0,
				0.111,
				0,
				0.167,
				0,
				0,
				5,
				0
			]
		},
		{
			"Target": "Parameter",
			"Id": "ParamBrowLForm",
			"Segments": [
				0,
				0,
				1,
				0.056,
				0,
				0.111,
				0,
				0.167,
				0,
				0,
				5,
				0
			]
		},
		{
			"Target": "Parameter",
			"Id": "ParamBrowLForm2",
			"Segments": [
				0,
				0,
				1,
				0.056,
				0,
				0.111,
				0,
				0.167,
				0,
				0,
				5,
				0
			]
		},
		{
			"Target": "Parameter",
			"Id": "ParamBrowRForm",
			"Segments": [
				0,
				0,
				1,
				0.056,
				0,
				0.111,
				0,
				0.167,
				0,
				0,
				5,
				0
			]
		},
		{
			"Target": "Parameter",
			"Id": "ParamBrowRForm2",
			"Segments": [
				0,
				0,
				1,
				0.056,
				0,
				0.111,
				0,
				0.167,
				0,
				0,
				5,
				0
			]
		},
		{
			"Target": "Parameter",
			"Id": "ParamMouthForm",
			"Segments": [
				0,
				0,
				1,
				0.056,
				0,
				0.111,
				0,
				0.167,
				0,
				0,
				5,
				0
			]
		},
		{
			"Target": "Parameter",
			"Id": "ParamMouthOpenY",
			"Segments": [
				0,
				0,
				1,
				0.056,
				0,
				0.111,
				0,
				0.167,
				0,
				0,
				5,
				0
			]
		},
		{
			"Target": "Parameter",
			"Id": "ParamMouthForm2",
			"Segments": [
				0,
				0,
				1,
				0.056,
				0,
				0.111,
				0,
				0.167,
				0,
				0,
				5,
				0
			]
		},
		{
			"Target": "Parameter",
			"Id": "ParamTeethOn",
			"Segments": [
				0,
				0,
				1,
				0.056,
				0,
				0.111,
				0,
				0.167,
				0,
				0,
				5,
				0
			]
		},
		{
			"Target": "Parameter",
			"Id": "ParamCheek",
			"Segments": [
				0,
				0,
				1,
				0.056,
				0,
				0.111,
				0,
				0.167,
				0,
				0,
				5,
				0
			]
		},
		{
			"Target": "Parameter",
			"Id": "ParamGlassUD",
			"Segments": [
				0,
				0,
				1,
				0.056,
				0,
				0.111,
				0,
				0.167,
				0,
				0,
				5,
				0
			]
		},
		{
			"Target": "Parameter",
			"Id": "ParamGrassWhite",
			"Segments": [
				0,
				0,
				1,
				0.056,
				0,
				0.111,
				0,
				0.167,
				0,
				0,
				5,
				0
			]
		},
		{
			"Target": "Parameter",
			"Id": "ParamGrassHighlight",
			"Segments": [
				0,
				0,
				1,
				0.056,
				0,
				0.111,
				0,
				0.167,
				0,
				0,
				5,
				0
			]
		},
		{
			"Target": "Parameter",
			"Id": "ParamGrassHighlightMove",
			"Segments": [
				0,
				0,
				1,
				0.056,
				0,
				0.111,
				0,
				0.167,
				0,
				0,
				5,
				0
			]
		},
		{
			"Target": "Parameter",
			"Id": "ParamBodyAngleX",
			"Segments": [
				0,
				0,
				1,
				0.056,
				0,
				0.111,
				0,
				0.167,
				0,
				1,
				0.356,
				0,
				0.544,
				-1,
				0.733,
				-1,
				1,
				1.044,
				-1,
				1.356,
				4.155,
				1.667,
				5,
				1,
				1.911,
				5.664,
				2.156,
				5.5,
				2.4,
				5.5,
				1,
				2.656,
				5.5,
				2.911,
				-1.168,
				3.167,
				-2,
				1,
				3.5,
				-3.085,
				3.833,
				-3,
				4.167,
				-3,
				0,
				5,
				-3
			]
		},
		{
			"Target": "Parameter",
			"Id": "ParamBodyAngleY",
			"Segments": [
				0,
				0,
				1,
				0.056,
				0,
				0.111,
				0,
				0.167,
				0,
				1,
				0.356,
				0,
				0.544,
				1.915,
				0.733,
				2,
				1,
				0.878,
				2.065,
				1.022,
				2.028,
				1.167,
				2.088,
				1,
				1.344,
				2.162,
				1.522,
				2.904,
				1.7,
				2.904,
				1,
				1.867,
				2.904,
				2.033,
				2,
				2.2,
				2,
				1,
				2.356,
				2,
				2.511,
				2.5,
				2.667,
				2.5,
				1,
				2.978,
				2.5,
				3.289,
				-1.006,
				3.6,
				-1.006,
				1,
				3.8,
				-1.006,
				4,
				0.139,
				4.2,
				0.139,
				1,
				4.378,
				0.139,
				4.556,
				0,
				4.733,
				0,
				0,
				5,
				0
			]
		},
		{
			"Target": "Parameter",
			"Id": "ParamBodyAngleZ",
			"Segments": [
				0,
				0,
				1,
				0.056,
				0,
				0.111,
				0,
				0.167,
				0,
				1,
				0.433,
				0,
				0.7,
				0,
				0.967,
				0,
				1,
				1.222,
				0,
				1.478,
				1,
				1.733,
				1,
				1,
				2.456,
				1,
				3.178,
				1,
				3.9,
				1,
				0,
				5,
				1
			]
		},
		{
			"Target": "Parameter",
			"Id": "ParamWaistAngleZ",
			"Segments": [
				0,
				0.124,
				1,
				0.056,
				0.124,
				0.111,
				0.124,
				0.167,
				0.124,
				1,
				0.478,
				0.124,
				0.789,
				2,
				1.1,
				2,
				1,
				1.3,
				2,
				1.5,
				-1,
				1.7,
				-1,
				1,
				2.2,
				-1,
				2.7,
				-1,
				3.2,
				-1,
				1,
				3.456,
				-1,
				3.711,
				0,
				3.967,
				0,
				0,
				5,
				0
			]
		},
		{
			"Target": "Parameter",
			"Id": "ParamBodyPosition",
			"Segments": [
				0,
				0,
				1,
				0.056,
				0,
				0.111,
				0,
				0.167,
				0,
				1,
				1.656,
				0,
				3.144,
				0,
				4.633,
				0,
				0,
				5,
				0
			]
		},
		{
			"Target": "Parameter",
			"Id": "ParamBreath",
			"Segments": [
				0,
				0,
				1,
				0.056,
				0,
				0.111,
				0,
				0.167,
				0,
				1,
				0.411,
				0,
				0.656,
				0,
				0.9,
				0,
				1,
				1.411,
				0,
				1.922,
				0.501,
				2.433,
				0.501,
				1,
				2.511,
				0.501,
				2.589,
				0.501,
				2.667,
				0.501,
				1,
				3.178,
				0.501,
				3.689,
				0,
				4.2,
				0,
				1,
				4.322,
				0,
				4.444,
				0,
				4.567,
				0,
				0,
				5,
				0
			]
		},
		{
			"Target": "Parameter",
			"Id": "ParamLeftShoulderUp",
			"Segments": [
				0,
				0,
				1,
				0.056,
				0,
				0.111,
				0,
				0.167,
				0,
				1,
				0.356,
				0,
				0.544,
				-6,
				0.733,
				-6,
				1,
				0.933,
				-6,
				1.133,
				6,
				1.333,
				6,
				1,
				1.522,
				6,
				1.711,
				2,
				1.9,
				2,
				0,
				5,
				2
			]
		},
		{
			"Target": "Parameter",
			"Id": "ParamRightShoulderUp",
			"Segments": [
				0,
				0,
				1,
				0.056,
				0,
				0.111,
				0,
				0.167,
				0,
				1,
				0.289,
				0,
				0.411,
				0,
				0.533,
				0,
				0,
				5,
				0
			]
		},
		{
			"Target": "Parameter",
			"Id": "ParamAllX",
			"Segments": [
				0,
				0,
				1,
				0.056,
				0,
				0.111,
				0,
				0.167,
				0,
				0,
				5,
				0
			]
		},
		{
			"Target": "Parameter",
			"Id": "ParamAllY",
			"Segments": [
				0,
				0,
				1,
				0.056,
				0,
				0.111,
				0,
				0.167,
				0,
				0,
				5,
				0
			]
		},
		{
			"Target": "Parameter",
			"Id": "ParamAllRotate",
			"Segments": [
				0,
				0,
				1,
				0.056,
				0,
				0.111,
				0,
				0.167,
				0,
				0,
				5,
				0
			]
		},
		{
			"Target": "Parameter",
			"Id": "ParamHairFront",
			"Segments": [
				0,
				0,
				1,
				0.056,
				0,
				0.111,
				0,
				0.167,
				0,
				0,
				5,
				0
			]
		},
		{
			"Target": "Parameter",
			"Id": "ParamHairSide",
			"Segments": [
				0,
				0,
				1,
				0.056,
				0,
				0.111,
				0,
				0.167,
				0,
				0,
				5,
				0
			]
		},
		{
			"Target": "Parameter",
			"Id": "ParamHairBack",
			"Segments": [
				0,
				0,
				1,
				0.056,
				0,
				0.111,
				0,
				0.167,
				0,
				0,
				5,
				0
			]
		},
		{
			"Target": "Parameter",
			"Id": "ParamHairFrontFuwa",
			"Segments": [
				0,
				0,
				1,
				0.056,
				0,
				0.111,
				0,
				0.167,
				0,
				0,
				5,
				0
			]
		},
		{
			"Target": "Parameter",
			"Id": "ParamHairSideFuwa",
			"Segments": [
				0,
				0,
				1,
				0.056,
				0,
				0.111,
				0,
				0.167,
				0,
				0,
				5,
				0
			]
		},
		{
			"Target": "Parameter",
			"Id": "ParamHairBackFuwa",
			"Segments": [
				0,
				0,
				1,
				0.056,
				0,
				0.111,
				0,
				0.167,
				0,
				0,
				5,
				0
			]
		},
		{
			"Target": "Parameter",
			"Id": "ParamJacket",
			"Segments": [
				0,
				0,
				1,
				0.056,
				0,
				0.111,
				0,
				0.167,
				0,
				0,
				5,
				0
			]
		},
		{
			"Target": "Parameter",
			"Id": "ParamChainWaist",
			"Segments": [
				0,
				0,
				1,
				0.056,
				0,
				0.111,
				0,
				0.167,
				0,
				0,
				5,
				0
			]
		},
		{
			"Target": "Parameter",
			"Id": "ParamWatchSwingA1",
			"Segments": [
				0,
				0,
				1,
				0.056,
				0,
				0.111,
				0,
				0.167,
				0,
				0,
				5,
				0
			]
		},
		{
			"Target": "Parameter",
			"Id": "ParamWatchSwingA2",
			"Segments": [
				0,
				0,
				1,
				0.056,
				0,
				0.111,
				0,
				0.167,
				0,
				0,
				5,
				0
			]
		},
		{
			"Target": "Parameter",
			"Id": "ParamWatchAX",
			"Segments": [
				0,
				0,
				1,
				0.056,
				0,
				0.111,
				0,
				0.167,
				0,
				0,
				5,
				0
			]
		},
		{
			"Target": "Parameter",
			"Id": "ParamWatchBSwitch",
			"Segments": [
				0,
				0,
				1,
				0.056,
				0,
				0.111,
				0,
				0.167,
				0,
				0,
				5,
				0
			]
		},
		{
			"Target": "Parameter",
			"Id": "ParamWatchBOpen",
			"Segments": [
				0,
				0,
				1,
				0.056,
				0,
				0.111,
				0,
				0.167,
				0,
				0,
				5,
				0
			]
		},
		{
			"Target": "Parameter",
			"Id": "ParamWatchBOpen2",
			"Segments": [
				0,
				0,
				1,
				0.056,
				0,
				0.111,
				0,
				0.167,
				0,
				0,
				5,
				0
			]
		},
		{
			"Target": "Parameter",
			"Id": "ParamWatchBX",
			"Segments": [
				0,
				0,
				1,
				0.056,
				0,
				0.111,
				0,
				0.167,
				0,
				0,
				5,
				0
			]
		},
		{
			"Target": "Parameter",
			"Id": "ParamWatchBRoll",
			"Segments": [
				0,
				0,
				1,
				0.056,
				0,
				0.111,
				0,
				0.167,
				0,
				0,
				5,
				0
			]
		},
		{
			"Target": "Parameter",
			"Id": "ParamWatchBLR",
			"Segments": [
				0,
				0,
				1,
				0.056,
				0,
				0.111,
				0,
				0.167,
				0,
				0,
				5,
				0
			]
		},
		{
			"Target": "Parameter",
			"Id": "ParamWatchBUD",
			"Segments": [
				0,
				0,
				1,
				0.056,
				0,
				0.111,
				0,
				0.167,
				0,
				0,
				5,
				0
			]
		},
		{
			"Target": "Parameter",
			"Id": "ParamArmAL01",
			"Segments": [
				0,
				0.232,
				1,
				0.056,
				0.232,
				0.111,
				0.232,
				0.167,
				0.232,
				0,
				5,
				0.232
			]
		},
		{
			"Target": "Parameter",
			"Id": "ParamArmAL02",
			"Segments": [
				0,
				-0.373,
				1,
				0.056,
				-0.373,
				0.111,
				-0.373,
				0.167,
				-0.373,
				0,
				5,
				-0.373
			]
		},
		{
			"Target": "Parameter",
			"Id": "ParamArmAL03",
			"Segments": [
				0,
				-0.305,
				1,
				0.056,
				-0.305,
				0.111,
				-0.305,
				0.167,
				-0.305,
				0,
				5,
				-0.305
			]
		},
		{
			"Target": "Parameter",
			"Id": "ParamArmAL04",
			"FadeInTime": 0.2,
			"Segments": [
				0,
				0,
				0,
				5,
				0
			]
		},
		{
			"Target": "Parameter",
			"Id": "ParamArmAR01",
			"Segments": [
				0,
				0,
				1,
				0.056,
				0,
				0.111,
				0,
				0.167,
				0,
				1,
				0.333,
				0,
				0.5,
				0,
				0.667,
				0,
				1,
				1,
				0,
				1.333,
				1,
				1.667,
				1,
				1,
				1.889,
				1,
				2.111,
				1,
				2.333,
				1,
				1,
				2.689,
				1,
				3.044,
				0,
				3.4,
				0,
				0,
				5,
				0
			]
		},
		{
			"Target": "Parameter",
			"Id": "ParamArmAR02",
			"Segments": [
				0,
				0,
				1,
				0.056,
				0,
				0.111,
				0,
				0.167,
				0,
				1,
				0.333,
				0,
				0.5,
				0,
				0.667,
				0,
				1,
				1.011,
				0,
				1.356,
				-3,
				1.7,
				-3,
				1,
				1.922,
				-3,
				2.144,
				-3,
				2.367,
				-3,
				1,
				2.722,
				-3,
				3.078,
				0,
				3.433,
				0,
				0,
				5,
				0
			]
		},
		{
			"Target": "Parameter",
			"Id": "ParamArmAR03",
			"Segments": [
				0,
				0,
				1,
				0.056,
				0,
				0.111,
				0,
				0.167,
				0,
				1,
				0.333,
				0,
				0.5,
				0,
				0.667,
				0,
				0,
				5,
				0
			]
		},
		{
			"Target": "Parameter",
			"Id": "ParamArmAR04",
			"FadeInTime": 0.2,
			"Segments": [
				0,
				0,
				0,
				5,
				0
			]
		},
		{
			"Target": "Parameter",
			"Id": "ParamArmBR01",
			"Segments": [
				0,
				0,
				1,
				0.056,
				0,
				0.111,
				0,
				0.167,
				0,
				0,
				5,
				0
			]
		},
		{
			"Target": "Parameter",
			"Id": "ParamArmBR02",
			"Segments": [
				0,
				0,
				1,
				0.056,
				0,
				0.111,
				0,
				0.167,
				0,
				0,
				5,
				0
			]
		},
		{
			"Target": "Parameter",
			"Id": "ParamArmBR03",
			"Segments": [
				0,
				0,
				1,
				0.056,
				0,
				0.111,
				0,
				0.167,
				0,
				0,
				5,
				0
			]
		},
		{
			"Target": "Parameter",
			"Id": "ParamArmBRHand01Roll",
			"Segments": [
				0,
				0,
				1,
				0.056,
				0,
				0.111,
				0,
				0.167,
				0,
				0,
				5,
				0
			]
		},
		{
			"Target": "Parameter",
			"Id": "ParamArmBRHand05Roll1",
			"Segments": [
				0,
				0,
				1,
				0.056,
				0,
				0.111,
				0,
				0.167,
				0,
				0,
				5,
				0
			]
		},
		{
			"Target": "Parameter",
			"Id": "ParamArmBRHand05Roll2",
			"Segments": [
				0,
				0,
				1,
				0.056,
				0,
				0.111,
				0,
				0.167,
				0,
				0,
				5,
				0
			]
		},
		{
			"Target": "Parameter",
			"Id": "ParamArmBRHand05Roll3",
			"Segments": [
				0,
				0,
				1,
				0.056,
				0,
				0.111,
				0,
				0.167,
				0,
				0,
				5,
				0
			]
		},
		{
			"Target": "Parameter",
			"Id": "ParamArmCR01",
			"Segments": [
				0,
				0,
				1,
				0.056,
				0,
				0.111,
				0,
				0.167,
				0,
				0,
				5,
				0
			]
		},
		{
			"Target": "Parameter",
			"Id": "ParamArmCR02",
			"Segments": [
				0,
				0,
				1,
				0.056,
				0,
				0.111,
				0,
				0.167,
				0,
				0,
				5,
				0
			]
		},
		{
			"Target": "Parameter",
			"Id": "ParamArmCR03",
			"Segments": [
				0,
				0,
				1,
				0.056,
				0,
				0.111,
				0,
				0.167,
				0,
				0,
				5,
				0
			]
		},
		{
			"Target": "Parameter",
			"Id": "ParamArmCLHandRoll1",
			"Segments": [
				0,
				0,
				1,
				0.056,
				0,
				0.111,
				0,
				0.167,
				0,
				0,
				5,
				0
			]
		},
		{
			"Target": "Parameter",
			"Id": "ParamArmDL01",
			"Segments": [
				0,
				-0.938,
				1,
				0.056,
				-0.938,
				0.111,
				-0.938,
				0.167,
				-0.938,
				1,
				0.322,
				-0.938,
				0.478,
				-0.938,
				0.633,
				-0.938,
				1,
				0.956,
				-0.938,
				1.278,
				-4,
				1.6,
				-4,
				1,
				1.944,
				-4,
				2.289,
				4,
				2.633,
				4,
				1,
				3.033,
				4,
				3.433,
				0,
				3.833,
				0,
				0,
				5,
				0
			]
		},
		{
			"Target": "Parameter",
			"Id": "ParamArmDL02",
			"Segments": [
				0,
				-1.719,
				1,
				0.056,
				-1.719,
				0.111,
				-1.719,
				0.167,
				-1.719,
				1,
				0.322,
				-1.719,
				0.478,
				-1.719,
				0.633,
				-1.719,
				1,
				0.967,
				-1.719,
				1.3,
				4.142,
				1.633,
				7,
				1,
				1.978,
				9.953,
				2.322,
				10,
				2.667,
				10,
				1,
				3.111,
				10,
				3.556,
				6,
				4,
				6,
				0,
				5,
				6
			]
		},
		{
			"Target": "Parameter",
			"Id": "ParamArmDL03",
			"Segments": [
				0,
				-4.688,
				1,
				0.056,
				-4.688,
				0.111,
				-4.688,
				0.167,
				-4.688,
				1,
				0.322,
				-4.688,
				0.478,
				-4.688,
				0.633,
				-4.688,
				1,
				0.978,
				-4.688,
				1.322,
				14.713,
				1.667,
				18,
				1,
				2.022,
				21.393,
				2.378,
				21,
				2.733,
				21,
				1,
				2.967,
				21,
				3.2,
				13,
				3.433,
				13,
				0,
				5,
				13
			]
		},
		{
			"Target": "Parameter",
			"Id": "ParamArmDLHand03Roll",
			"Segments": [
				0,
				0,
				1,
				0.056,
				0,
				0.111,
				0,
				0.167,
				0,
				1,
				1.044,
				0,
				1.922,
				-30,
				2.8,
				-30,
				1,
				3.2,
				-30,
				3.6,
				-5.084,
				4,
				-2,
				1,
				4.333,
				0.57,
				4.667,
				0,
				5,
				0
			]
		},
		{
			"Target": "Parameter",
			"Id": "ParamArmER01",
			"Segments": [
				0,
				0,
				1,
				0.056,
				0,
				0.111,
				0,
				0.167,
				0,
				0,
				5,
				0
			]
		},
		{
			"Target": "Parameter",
			"Id": "ParamArmER02",
			"Segments": [
				0,
				0,
				1,
				0.056,
				0,
				0.111,
				0,
				0.167,
				0,
				0,
				5,
				0
			]
		},
		{
			"Target": "Parameter",
			"Id": "ParamArmER03",
			"Segments": [
				0,
				0,
				1,
				0.056,
				0,
				0.111,
				0,
				0.167,
				0,
				0,
				5,
				0
			]
		},
		{
			"Target": "Parameter",
			"Id": "ParamArmER04",
			"Segments": [
				0,
				0,
				1,
				0.056,
				0,
				0.111,
				0,
				0.167,
				0,
				0,
				5,
				0
			]
		},
		{
			"Target": "Parameter",
			"Id": "ParamArmERHand04Roll1",
			"Segments": [
				0,
				0,
				1,
				0.056,
				0,
				0.111,
				0,
				0.167,
				0,
				0,
				5,
				0
			]
		},
		{
			"Target": "Parameter",
			"Id": "ParamArmERHand04Roll2",
			"Segments": [
				0,
				0,
				1,
				0.056,
				0,
				0.111,
				0,
				0.167,
				0,
				0,
				5,
				0
			]
		},
		{
			"Target": "Parameter",
			"Id": "ParamArmERHand06Roll1",
			"Segments": [
				0,
				0,
				1,
				0.056,
				0,
				0.111,
				0,
				0.167,
				0,
				0,
				5,
				0
			]
		},
		{
			"Target": "Parameter",
			"Id": "ParamArmERHand06Roll2",
			"Segments": [
				0,
				0,
				1,
				0.056,
				0,
				0.111,
				0,
				0.167,
				0,
				0,
				5,
				0
			]
		},
		{
			"Target": "PartOpacity",
			"Id": "PartWatchA",
			"Segments": [
				0,
				1,
				0,
				5,
				1
			]
		},
		{
			"Target": "PartOpacity",
			"Id": "PartWatchB",
			"Segments": [
				0,
				0,
				0,
				5,
				0
			]
		},
		{
			"Target": "PartOpacity",
			"Id": "PartArmAL",
			"Segments": [
				0,
				0,
				0,
				5,
				0
			]
		},
		{
			"Target": "PartOpacity",
			"Id": "PartArmAR",
			"Segments": [
				0,
				1,
				0,
				5,
				1
			]
		},
		{
			"Target": "PartOpacity",
			"Id": "PartArmBR",
			"Segments": [
				0,
				0,
				0,
				5,
				0
			]
		},
		{
			"Target": "PartOpacity",
			"Id": "PartArmCL",
			"Segments": [
				0,
				0,
				0,
				5,
				0
			]
		},
		{
			"Target": "PartOpacity",
			"Id": "PartArmDL",
			"Segments": [
				0,
				1,
				0,
				5,
				1
			]
		},
		{
			"Target": "PartOpacity",
			"Id": "PartArmER",
			"Segments": [
				0,
				0,
				0,
				5,
				0
			]
		}
	]
}