{
	"Version": 3,
	"Meta": {
		"Duration": 5,
		"Fps": 30.0,
		"Loop": true,
		"AreBeziersRestricted": true,
		"CurveCount": 101,
		"TotalSegmentCount": 318,
		"TotalPointCount": 853,
		"UserDataCount": 0,
		"TotalUserDataSize": 0
	},
	"Curves": [
		{
			"Target": "Parameter",
			"Id": "ParamAngleX",
			"Segments": [
				0,
				0,
				1,
				0.056,
				0,
				0.111,
				0,
				0.167,
				0,
				1,
				0.322,
				0,
				0.478,
				0,
				0.633,
				0,
				1,
				1.089,
				0,
				1.544,
				-10.65,
				2,
				-14,
				1,
				2.211,
				-15.553,
				2.422,
				-15,
				2.633,
				-15,
				1,
				2.844,
				-15,
				3.056,
				0,
				3.267,
				0,
				0,
				5,
				0
			]
		},
		{
			"Target": "Parameter",
			"Id": "ParamAngleY",
			"Segments": [
				0,
				0,
				1,
				0.056,
				0,
				0.111,
				0,
				0.167,
				0,
				1,
				0.278,
				0,
				0.389,
				1,
				0.5,
				1,
				1,
				0.744,
				1,
				0.989,
				-16.215,
				1.233,
				-16.215,
				1,
				1.433,
				-16.215,
				1.633,
				-11.8,
				1.833,
				-11.8,
				1,
				2.133,
				-11.8,
				2.433,
				-14.898,
				2.733,
				-14.898,
				1,
				3.056,
				-14.898,
				3.378,
				0,
				3.7,
				0,
				0,
				5,
				0
			]
		},
		{
			"Target": "Parameter",
			"Id": "ParamAngleZ",
			"Segments": [
				0,
				0,
				1,
				0.189,
				0,
				0.378,
				0,
				0.567,
				0,
				1,
				0.867,
				0,
				1.167,
				10,
				1.467,
				10,
				1,
				1.8,
				10,
				2.133,
				10,
				2.467,
				10,
				1,
				2.733,
				10,
				3,
				0,
				3.267,
				0,
				0,
				5,
				0
			]
		},
		{
			"Target": "Parameter",
			"Id": "ParamEyeLOpen",
			"Segments": [
				0,
				1,
				1,
				0.056,
				1,
				0.111,
				1,
				0.167,
				1,
				1,
				0.378,
				1,
				0.589,
				1,
				0.8,
				1,
				1,
				0.833,
				1,
				0.867,
				0,
				0.9,
				0,
				1,
				0.922,
				0,
				0.944,
				0,
				0.967,
				0,
				1,
				1.044,
				0,
				1.122,
				1,
				1.2,
				1,
				1,
				1.711,
				1,
				2.222,
				1,
				2.733,
				1,
				1,
				2.767,
				1,
				2.8,
				0,
				2.833,
				0,
				1,
				2.856,
				0,
				2.878,
				0,
				2.9,
				0,
				1,
				2.978,
				0,
				3.056,
				1,
				3.133,
				1,
				0,
				5,
				1
			]
		},
		{
			"Target": "Parameter",
			"Id": "ParamEyeLSmile",
			"Segments": [
				0,
				0,
				1,
				0.056,
				0,
				0.111,
				0,
				0.167,
				0,
				0,
				5,
				0
			]
		},
		{
			"Target": "Parameter",
			"Id": "ParamEyeLForm",
			"Segments": [
				0,
				0,
				1,
				0.056,
				0,
				0.111,
				0,
				0.167,
				0,
				0,
				5,
				0
			]
		},
		{
			"Target": "Parameter",
			"Id": "ParamEyeROpen",
			"Segments": [
				0,
				1,
				1,
				0.056,
				1,
				0.111,
				1,
				0.167,
				1,
				1,
				0.378,
				1,
				0.589,
				1,
				0.8,
				1,
				1,
				0.833,
				1,
				0.867,
				0,
				0.9,
				0,
				1,
				0.922,
				0,
				0.944,
				0,
				0.967,
				0,
				1,
				1.044,
				0,
				1.122,
				1,
				1.2,
				1,
				1,
				1.711,
				1,
				2.222,
				1,
				2.733,
				1,
				1,
				2.767,
				1,
				2.8,
				0,
				2.833,
				0,
				1,
				2.856,
				0,
				2.878,
				0,
				2.9,
				0,
				1,
				2.978,
				0,
				3.056,
				1,
				3.133,
				1,
				0,
				5,
				1
			]
		},
		{
			"Target": "Parameter",
			"Id": "ParamEyeRSmile",
			"Segments": [
				0,
				0,
				1,
				0.056,
				0,
				0.111,
				0,
				0.167,
				0,
				0,
				5,
				0
			]
		},
		{
			"Target": "Parameter",
			"Id": "ParamEyeRForm",
			"Segments": [
				0,
				0,
				1,
				0.056,
				0,
				0.111,
				0,
				0.167,
				0,
				0,
				5,
				0
			]
		},
		{
			"Target": "Parameter",
			"Id": "ParamEyeBallX",
			"Segments": [
				0,
				0,
				1,
				0.056,
				0,
				0.111,
				0,
				0.167,
				0,
				1,
				0.322,
				0,
				0.478,
				0,
				0.633,
				0,
				1,
				0.833,
				0,
				1.033,
				-0.5,
				1.233,
				-0.5,
				1,
				1.7,
				-0.5,
				2.167,
				-0.5,
				2.633,
				-0.5,
				1,
				2.833,
				-0.5,
				3.033,
				0,
				3.233,
				0,
				0,
				5,
				0
			]
		},
		{
			"Target": "Parameter",
			"Id": "ParamEyeBallY",
			"Segments": [
				0,
				0,
				1,
				0.056,
				0,
				0.111,
				0,
				0.167,
				0,
				1,
				0.322,
				0,
				0.478,
				0,
				0.633,
				0,
				1,
				0.833,
				0,
				1.033,
				-0.2,
				1.233,
				-0.2,
				1,
				1.7,
				-0.2,
				2.167,
				-0.2,
				2.633,
				-0.2,
				1,
				2.833,
				-0.2,
				3.033,
				0,
				3.233,
				0,
				0,
				5,
				0
			]
		},
		{
			"Target": "Parameter",
			"Id": "ParamEyeBallForm",
			"Segments": [
				0,
				0,
				1,
				0.056,
				0,
				0.111,
				0,
				0.167,
				0,
				0,
				5,
				0
			]
		},
		{
			"Target": "Parameter",
			"Id": "ParamBrowLY",
			"Segments": [
				0,
				-0.1,
				1,
				0.056,
				-0.1,
				0.111,
				-0.1,
				0.167,
				-0.1,
				0,
				5,
				-0.1
			]
		},
		{
			"Target": "Parameter",
			"Id": "ParamBrowRY",
			"Segments": [
				0,
				-0.1,
				1,
				0.056,
				-0.1,
				0.111,
				-0.1,
				0.167,
				-0.1,
				0,
				5,
				-0.1
			]
		},
		{
			"Target": "Parameter",
			"Id": "ParamBrowLX",
			"Segments": [
				0,
				0,
				1,
				0.056,
				0,
				0.111,
				0,
				0.167,
				0,
				0,
				5,
				0
			]
		},
		{
			"Target": "Parameter",
			"Id": "ParamBrowRX",
			"Segments": [
				0,
				0,
				1,
				0.056,
				0,
				0.111,
				0,
				0.167,
				0,
				0,
				5,
				0
			]
		},
		{
			"Target": "Parameter",
			"Id": "ParamBrowLAngle",
			"Segments": [
				0,
				0,
				1,
				0.056,
				0,
				0.111,
				0,
				0.167,
				0,
				0,
				5,
				0
			]
		},
		{
			"Target": "Parameter",
			"Id": "ParamBrowRAngle",
			"Segments": [
				0,
				0,
				1,
				0.056,
				0,
				0.111,
				0,
				0.167,
				0,
				0,
				5,
				0
			]
		},
		{
			"Target": "Parameter",
			"Id": "ParamBrowLForm",
			"Segments": [
				0,
				1,
				1,
				0.056,
				1,
				0.111,
				1,
				0.167,
				1,
				0,
				5,
				1
			]
		},
		{
			"Target": "Parameter",
			"Id": "ParamBrowLForm2",
			"Segments": [
				0,
				1,
				1,
				0.056,
				1,
				0.111,
				1,
				0.167,
				1,
				0,
				5,
				1
			]
		},
		{
			"Target": "Parameter",
			"Id": "ParamBrowRForm",
			"Segments": [
				0,
				1,
				1,
				0.056,
				1,
				0.111,
				1,
				0.167,
				1,
				0,
				5,
				1
			]
		},
		{
			"Target": "Parameter",
			"Id": "ParamBrowRForm2",
			"Segments": [
				0,
				1,
				1,
				0.056,
				1,
				0.111,
				1,
				0.167,
				1,
				0,
				5,
				1
			]
		},
		{
			"Target": "Parameter",
			"Id": "ParamMouthForm",
			"Segments": [
				0,
				0,
				1,
				0.056,
				0,
				0.111,
				0,
				0.167,
				0,
				0,
				5,
				0
			]
		},
		{
			"Target": "Parameter",
			"Id": "ParamMouthOpenY",
			"Segments": [
				0,
				0,
				1,
				0.056,
				0,
				0.111,
				0,
				0.167,
				0,
				0,
				5,
				0
			]
		},
		{
			"Target": "Parameter",
			"Id": "ParamMouthForm2",
			"Segments": [
				0,
				0,
				1,
				0.056,
				0,
				0.111,
				0,
				0.167,
				0,
				0,
				5,
				0
			]
		},
		{
			"Target": "Parameter",
			"Id": "ParamTeethOn",
			"Segments": [
				0,
				0,
				1,
				0.056,
				0,
				0.111,
				0,
				0.167,
				0,
				0,
				5,
				0
			]
		},
		{
			"Target": "Parameter",
			"Id": "ParamCheek",
			"Segments": [
				0,
				0,
				1,
				0.056,
				0,
				0.111,
				0,
				0.167,
				0,
				0,
				5,
				0
			]
		},
		{
			"Target": "Parameter",
			"Id": "ParamGlassUD",
			"Segments": [
				0,
				0,
				1,
				0.056,
				0,
				0.111,
				0,
				0.167,
				0,
				0,
				5,
				0
			]
		},
		{
			"Target": "Parameter",
			"Id": "ParamGrassWhite",
			"Segments": [
				0,
				0,
				1,
				0.056,
				0,
				0.111,
				0,
				0.167,
				0,
				0,
				5,
				0
			]
		},
		{
			"Target": "Parameter",
			"Id": "ParamGrassHighlight",
			"Segments": [
				0,
				0,
				1,
				0.056,
				0,
				0.111,
				0,
				0.167,
				0,
				0,
				5,
				0
			]
		},
		{
			"Target": "Parameter",
			"Id": "ParamGrassHighlightMove",
			"Segments": [
				0,
				0,
				0,
				5,
				0
			]
		},
		{
			"Target": "Parameter",
			"Id": "ParamBodyAngleX",
			"Segments": [
				0,
				0,
				1,
				0.056,
				0,
				0.111,
				0,
				0.167,
				0,
				1,
				0.333,
				0,
				0.5,
				0.5,
				0.667,
				0.5,
				1,
				0.922,
				0.5,
				1.178,
				-3,
				1.433,
				-3,
				1,
				1.789,
				-3,
				2.144,
				-3,
				2.5,
				-3,
				1,
				2.722,
				-3,
				2.944,
				0,
				3.167,
				0,
				0,
				5,
				0
			]
		},
		{
			"Target": "Parameter",
			"Id": "ParamBodyAngleY",
			"Segments": [
				0,
				0,
				1,
				0.056,
				0,
				0.111,
				0,
				0.167,
				0,
				1,
				0.333,
				0,
				0.5,
				-0.538,
				0.667,
				-1,
				1,
				0.878,
				-1.585,
				1.089,
				-1.707,
				1.3,
				-1.707,
				1,
				1.711,
				-1.707,
				2.122,
				0.274,
				2.533,
				0.274,
				1,
				2.767,
				0.274,
				3,
				0,
				3.233,
				0,
				0,
				5,
				0
			]
		},
		{
			"Target": "Parameter",
			"Id": "ParamBodyAngleZ",
			"Segments": [
				0,
				0,
				1,
				0.056,
				0,
				0.111,
				0,
				0.167,
				0,
				0,
				5,
				0
			]
		},
		{
			"Target": "Parameter",
			"Id": "ParamWaistAngleZ",
			"Segments": [
				0,
				0,
				1,
				0.056,
				0,
				0.111,
				0,
				0.167,
				0,
				0,
				5,
				0
			]
		},
		{
			"Target": "Parameter",
			"Id": "ParamBodyPosition",
			"Segments": [
				0,
				0,
				1,
				0.056,
				0,
				0.111,
				0,
				0.167,
				0,
				1,
				0.356,
				0,
				0.544,
				0,
				0.733,
				0,
				1,
				1.489,
				0,
				2.244,
				0,
				3,
				0,
				0,
				5,
				0
			]
		},
		{
			"Target": "Parameter",
			"Id": "ParamBreath",
			"Segments": [
				0,
				0,
				1,
				0.056,
				0,
				0.111,
				0,
				0.167,
				0,
				1,
				0.333,
				0,
				0.5,
				0,
				0.667,
				0,
				1,
				0.944,
				0,
				1.222,
				0.42,
				1.5,
				0.5,
				1,
				1.867,
				0.605,
				2.233,
				0.6,
				2.6,
				0.6,
				1,
				3.111,
				0.6,
				3.622,
				0,
				4.133,
				0,
				0,
				5,
				0
			]
		},
		{
			"Target": "Parameter",
			"Id": "ParamLeftShoulderUp",
			"Segments": [
				0,
				0,
				1,
				0.056,
				0,
				0.111,
				0,
				0.167,
				0,
				1,
				0.333,
				0,
				0.5,
				0,
				0.667,
				0,
				1,
				0.922,
				0,
				1.178,
				-8.227,
				1.433,
				-9,
				1,
				1.789,
				-10.076,
				2.144,
				-10,
				2.5,
				-10,
				1,
				2.744,
				-10,
				2.989,
				0,
				3.233,
				0,
				0,
				5,
				0
			]
		},
		{
			"Target": "Parameter",
			"Id": "ParamRightShoulderUp",
			"Segments": [
				0,
				8,
				1,
				0.056,
				8,
				0.111,
				8,
				0.167,
				8,
				1,
				0.267,
				8,
				0.367,
				8,
				0.467,
				8,
				1,
				0.533,
				8,
				0.6,
				4,
				0.667,
				4,
				1,
				0.767,
				4,
				0.867,
				9,
				0.967,
				9,
				1,
				1.5,
				9,
				2.033,
				9,
				2.567,
				9,
				1,
				2.722,
				9,
				2.878,
				0,
				3.033,
				0,
				1,
				3.267,
				0,
				3.5,
				8,
				3.733,
				8,
				0,
				5,
				8
			]
		},
		{
			"Target": "Parameter",
			"Id": "ParamAllX",
			"Segments": [
				0,
				0,
				1,
				0.056,
				0,
				0.111,
				0,
				0.167,
				0,
				0,
				5,
				0
			]
		},
		{
			"Target": "Parameter",
			"Id": "ParamAllY",
			"Segments": [
				0,
				0,
				1,
				0.056,
				0,
				0.111,
				0,
				0.167,
				0,
				0,
				5,
				0
			]
		},
		{
			"Target": "Parameter",
			"Id": "ParamAllRotate",
			"Segments": [
				0,
				0,
				1,
				0.056,
				0,
				0.111,
				0,
				0.167,
				0,
				0,
				5,
				0
			]
		},
		{
			"Target": "Parameter",
			"Id": "ParamHairFront",
			"Segments": [
				0,
				0,
				1,
				0.056,
				0,
				0.111,
				0,
				0.167,
				0,
				0,
				5,
				0
			]
		},
		{
			"Target": "Parameter",
			"Id": "ParamHairSide",
			"Segments": [
				0,
				0,
				1,
				0.056,
				0,
				0.111,
				0,
				0.167,
				0,
				0,
				5,
				0
			]
		},
		{
			"Target": "Parameter",
			"Id": "ParamHairBack",
			"Segments": [
				0,
				0,
				1,
				0.056,
				0,
				0.111,
				0,
				0.167,
				0,
				0,
				5,
				0
			]
		},
		{
			"Target": "Parameter",
			"Id": "ParamHairFrontFuwa",
			"Segments": [
				0,
				0,
				1,
				0.056,
				0,
				0.111,
				0,
				0.167,
				0,
				0,
				5,
				0
			]
		},
		{
			"Target": "Parameter",
			"Id": "ParamHairSideFuwa",
			"Segments": [
				0,
				0,
				1,
				0.056,
				0,
				0.111,
				0,
				0.167,
				0,
				0,
				5,
				0
			]
		},
		{
			"Target": "Parameter",
			"Id": "ParamHairBackFuwa",
			"Segments": [
				0,
				0,
				1,
				0.056,
				0,
				0.111,
				0,
				0.167,
				0,
				0,
				5,
				0
			]
		},
		{
			"Target": "Parameter",
			"Id": "ParamJacket",
			"Segments": [
				0,
				0,
				1,
				0.056,
				0,
				0.111,
				0,
				0.167,
				0,
				0,
				5,
				0
			]
		},
		{
			"Target": "Parameter",
			"Id": "ParamChainWaist",
			"Segments": [
				0,
				0,
				1,
				0.056,
				0,
				0.111,
				0,
				0.167,
				0,
				0,
				5,
				0
			]
		},
		{
			"Target": "Parameter",
			"Id": "ParamWatchSwingA1",
			"Segments": [
				0,
				0,
				1,
				0.056,
				0,
				0.111,
				0,
				0.167,
				0,
				0,
				5,
				0
			]
		},
		{
			"Target": "Parameter",
			"Id": "ParamWatchSwingA2",
			"Segments": [
				0,
				0,
				1,
				0.056,
				0,
				0.111,
				0,
				0.167,
				0,
				0,
				5,
				0
			]
		},
		{
			"Target": "Parameter",
			"Id": "ParamWatchAX",
			"Segments": [
				0,
				0,
				1,
				0.056,
				0,
				0.111,
				0,
				0.167,
				0,
				0,
				5,
				0
			]
		},
		{
			"Target": "Parameter",
			"Id": "ParamWatchBSwitch",
			"Segments": [
				0,
				0,
				1,
				0.056,
				0,
				0.111,
				0,
				0.167,
				0,
				1,
				0.3,
				0,
				0.433,
				0,
				0.567,
				0,
				1,
				0.611,
				0,
				0.656,
				-1,
				0.7,
				-1,
				1,
				0.733,
				-1,
				0.767,
				0,
				0.8,
				0,
				1,
				1.667,
				0,
				2.533,
				0,
				3.4,
				0,
				0,
				5,
				0
			]
		},
		{
			"Target": "Parameter",
			"Id": "ParamWatchBOpen",
			"Segments": [
				0,
				0,
				1,
				0.056,
				0,
				0.111,
				0,
				0.167,
				0,
				1,
				1.011,
				0,
				1.856,
				0,
				2.7,
				0,
				1,
				2.756,
				0,
				2.811,
				16,
				2.867,
				16,
				1,
				2.889,
				16,
				2.911,
				16,
				2.933,
				16,
				1,
				3.089,
				16,
				3.244,
				0,
				3.4,
				0,
				0,
				5,
				0
			]
		},
		{
			"Target": "Parameter",
			"Id": "ParamWatchBOpen2",
			"Segments": [
				0,
				0,
				1,
				0.056,
				0,
				0.111,
				0,
				0.167,
				0,
				1,
				0.344,
				0,
				0.522,
				0,
				0.7,
				0,
				1,
				0.744,
				0,
				0.789,
				30,
				0.833,
				30,
				1,
				1.456,
				30,
				2.078,
				30,
				2.7,
				30,
				1,
				2.756,
				30,
				2.811,
				16,
				2.867,
				16,
				1,
				2.889,
				16,
				2.911,
				16,
				2.933,
				16,
				1,
				3.089,
				16,
				3.244,
				0,
				3.4,
				0,
				0,
				5,
				0
			]
		},
		{
			"Target": "Parameter",
			"Id": "ParamWatchBX",
			"Segments": [
				0,
				0,
				1,
				0.056,
				0,
				0.111,
				0,
				0.167,
				0,
				1,
				0.3,
				0,
				0.433,
				0,
				0.567,
				0,
				1,
				0.7,
				0,
				0.833,
				-6.9,
				0.967,
				-6.9,
				1,
				1.544,
				-6.9,
				2.122,
				-6.9,
				2.7,
				-6.9,
				1,
				2.756,
				-6.9,
				2.811,
				0,
				2.867,
				0,
				1,
				2.889,
				0,
				2.911,
				0,
				2.933,
				0,
				1,
				3.089,
				0,
				3.244,
				0,
				3.4,
				0,
				0,
				5,
				0
			]
		},
		{
			"Target": "Parameter",
			"Id": "ParamWatchBRoll",
			"Segments": [
				0,
				-12,
				1,
				0.056,
				-12,
				0.111,
				-12,
				0.167,
				-12,
				1,
				0.3,
				-12,
				0.433,
				-12,
				0.567,
				-12,
				1,
				0.611,
				-12,
				0.656,
				-9,
				0.7,
				-9,
				1,
				1.367,
				-9,
				2.033,
				-9,
				2.7,
				-9,
				1,
				2.756,
				-9,
				2.811,
				-12,
				2.867,
				-12,
				1,
				2.889,
				-12,
				2.911,
				-12,
				2.933,
				-12,
				1,
				3.089,
				-12,
				3.244,
				-12,
				3.4,
				-12,
				0,
				5,
				-12
			]
		},
		{
			"Target": "Parameter",
			"Id": "ParamWatchBLR",
			"Segments": [
				0,
				2,
				1,
				0.056,
				2,
				0.111,
				2,
				0.167,
				2,
				1,
				0.3,
				2,
				0.433,
				2,
				0.567,
				2,
				1,
				0.7,
				2,
				0.833,
				-3.4,
				0.967,
				-3.4,
				1,
				1.544,
				-3.4,
				2.122,
				-3.331,
				2.7,
				-3.144,
				1,
				2.756,
				-3.126,
				2.811,
				0,
				2.867,
				0,
				1,
				2.889,
				0,
				2.911,
				0,
				2.933,
				0,
				1,
				3.089,
				0,
				3.244,
				2,
				3.4,
				2,
				0,
				5,
				2
			]
		},
		{
			"Target": "Parameter",
			"Id": "ParamWatchBUD",
			"Segments": [
				0,
				-2,
				1,
				0.056,
				-2,
				0.111,
				-2,
				0.167,
				-2,
				1,
				1.011,
				-2,
				1.856,
				1.06,
				2.7,
				1.06,
				1,
				2.756,
				1.06,
				2.811,
				0.241,
				2.867,
				0,
				1,
				2.889,
				-0.096,
				2.911,
				0.01,
				2.933,
				-0.11,
				1,
				3.089,
				-0.955,
				3.244,
				-2,
				3.4,
				-2,
				0,
				5,
				-2
			]
		},
		{
			"Target": "Parameter",
			"Id": "ParamArmAL01",
			"Segments": [
				0,
				0,
				1,
				0.056,
				0,
				0.111,
				0,
				0.167,
				0,
				0,
				5,
				0
			]
		},
		{
			"Target": "Parameter",
			"Id": "ParamArmAL02",
			"Segments": [
				0,
				0,
				1,
				0.056,
				0,
				0.111,
				0,
				0.167,
				0,
				0,
				5,
				0
			]
		},
		{
			"Target": "Parameter",
			"Id": "ParamArmAL03",
			"Segments": [
				0,
				0,
				1,
				0.056,
				0,
				0.111,
				0,
				0.167,
				0,
				0,
				5,
				0
			]
		},
		{
			"Target": "Parameter",
			"Id": "ParamArmAL04",
			"FadeInTime": 0.2,
			"Segments": [
				0,
				0,
				0,
				5,
				0
			]
		},
		{
			"Target": "Parameter",
			"Id": "ParamArmAR01",
			"Segments": [
				0,
				0,
				0,
				5,
				0
			]
		},
		{
			"Target": "Parameter",
			"Id": "ParamArmAR02",
			"Segments": [
				0,
				0,
				0,
				5,
				0
			]
		},
		{
			"Target": "Parameter",
			"Id": "ParamArmAR03",
			"Segments": [
				0,
				0,
				0,
				5,
				0
			]
		},
		{
			"Target": "Parameter",
			"Id": "ParamArmAR04",
			"FadeInTime": 0.2,
			"Segments": [
				0,
				0,
				0,
				5,
				0
			]
		},
		{
			"Target": "Parameter",
			"Id": "ParamArmBR01",
			"Segments": [
				0,
				-7,
				1,
				0.056,
				-7,
				0.111,
				-7,
				0.167,
				-7,
				1,
				0.378,
				-7,
				0.589,
				-7,
				0.8,
				-7,
				1,
				0.989,
				-7,
				1.178,
				-5,
				1.367,
				-5,
				1,
				1.744,
				-5,
				2.122,
				-5,
				2.5,
				-5,
				1,
				2.589,
				-5,
				2.678,
				-6,
				2.767,
				-6,
				1,
				2.789,
				-6,
				2.811,
				-6,
				2.833,
				-6,
				1,
				3.022,
				-6,
				3.211,
				-7,
				3.4,
				-7,
				0,
				5,
				-7
			]
		},
		{
			"Target": "Parameter",
			"Id": "ParamArmBR02",
			"Segments": [
				0,
				18,
				1,
				0.056,
				18,
				0.111,
				18,
				0.167,
				18,
				1,
				0.444,
				18,
				0.722,
				18,
				1,
				18,
				1,
				1.356,
				18,
				1.711,
				16.881,
				2.067,
				15,
				1,
				2.211,
				14.236,
				2.356,
				14,
				2.5,
				14,
				1,
				2.589,
				14,
				2.678,
				16.023,
				2.767,
				18,
				1,
				2.811,
				18.988,
				2.856,
				19,
				2.9,
				19,
				1,
				3.067,
				19,
				3.233,
				18,
				3.4,
				18,
				0,
				5,
				18
			]
		},
		{
			"Target": "Parameter",
			"Id": "ParamArmBR03",
			"Segments": [
				0,
				0,
				1,
				0.056,
				0,
				0.111,
				0,
				0.167,
				0,
				1,
				0.3,
				0,
				0.433,
				-6,
				0.567,
				-6,
				1,
				0.611,
				-6,
				0.656,
				9,
				0.7,
				9,
				1,
				0.8,
				9,
				0.9,
				0.266,
				1,
				0,
				1,
				1.322,
				-0.858,
				1.644,
				-1,
				1.967,
				-1,
				1,
				2.211,
				-1,
				2.456,
				-1,
				2.7,
				-1,
				1,
				2.744,
				-1,
				2.789,
				14,
				2.833,
				14,
				1,
				2.867,
				14,
				2.9,
				14,
				2.933,
				14,
				1,
				3.078,
				14,
				3.222,
				0,
				3.367,
				0,
				0,
				5,
				0
			]
		},
		{
			"Target": "Parameter",
			"Id": "ParamArmBRHand01",
			"FadeInTime": 0.2,
			"Segments": [
				0,
				0,
				1,
				0.056,
				0,
				0.111,
				0,
				0.167,
				0,
				0,
				5,
				0
			]
		},
		{
			"Target": "Parameter",
			"Id": "ParamArmBRHand01Roll",
			"Segments": [
				0,
				0,
				1,
				0.056,
				0,
				0.111,
				0,
				0.167,
				0,
				0,
				5,
				0
			]
		},
		{
			"Target": "Parameter",
			"Id": "ParamArmBRHand05",
			"FadeInTime": 0.2,
			"Segments": [
				0,
				1,
				1,
				0.056,
				1,
				0.111,
				1,
				0.167,
				1,
				0,
				5,
				1
			]
		},
		{
			"Target": "Parameter",
			"Id": "ParamArmBRHand05Roll1",
			"Segments": [
				0,
				0,
				1,
				0.056,
				0,
				0.111,
				0,
				0.167,
				0,
				1,
				1.011,
				0,
				1.856,
				0,
				2.7,
				0,
				1,
				2.756,
				0,
				2.811,
				30,
				2.867,
				30,
				1,
				2.889,
				30,
				2.911,
				30,
				2.933,
				30,
				1,
				3.089,
				30,
				3.244,
				0,
				3.4,
				0,
				0,
				5,
				0
			]
		},
		{
			"Target": "Parameter",
			"Id": "ParamArmBRHand05Roll2",
			"Segments": [
				0,
				0,
				1,
				0.056,
				0,
				0.111,
				0,
				0.167,
				0,
				1,
				0.3,
				0,
				0.433,
				0,
				0.567,
				0,
				1,
				0.611,
				0,
				0.656,
				7.5,
				0.7,
				7.5,
				1,
				0.811,
				7.5,
				0.922,
				0,
				1.033,
				0,
				1,
				1.589,
				0,
				2.144,
				0,
				2.7,
				0,
				1,
				2.756,
				0,
				2.811,
				21,
				2.867,
				21,
				1,
				2.889,
				21,
				2.911,
				21,
				2.933,
				21,
				1,
				3.089,
				21,
				3.244,
				0,
				3.4,
				0,
				0,
				5,
				0
			]
		},
		{
			"Target": "Parameter",
			"Id": "ParamArmBRHand05Roll3",
			"Segments": [
				0,
				0,
				1,
				0.056,
				0,
				0.111,
				0,
				0.167,
				0,
				1,
				1.011,
				0,
				1.856,
				0,
				2.7,
				0,
				1,
				2.756,
				0,
				2.811,
				30,
				2.867,
				30,
				1,
				2.889,
				30,
				2.911,
				30,
				2.933,
				30,
				1,
				3.089,
				30,
				3.244,
				0,
				3.4,
				0,
				0,
				5,
				0
			]
		},
		{
			"Target": "Parameter",
			"Id": "ParamArmCR01",
			"Segments": [
				0,
				0,
				1,
				0.056,
				0,
				0.111,
				0,
				0.167,
				0,
				0,
				5,
				0
			]
		},
		{
			"Target": "Parameter",
			"Id": "ParamArmCR02",
			"Segments": [
				0,
				0,
				1,
				0.056,
				0,
				0.111,
				0,
				0.167,
				0,
				0,
				5,
				0
			]
		},
		{
			"Target": "Parameter",
			"Id": "ParamArmCR03",
			"Segments": [
				0,
				0,
				1,
				0.056,
				0,
				0.111,
				0,
				0.167,
				0,
				0,
				5,
				0
			]
		},
		{
			"Target": "Parameter",
			"Id": "ParamArmCLHandRoll1",
			"Segments": [
				0,
				0,
				1,
				0.056,
				0,
				0.111,
				0,
				0.167,
				0,
				0,
				5,
				0
			]
		},
		{
			"Target": "Parameter",
			"Id": "ParamArmDL01",
			"Segments": [
				0,
				0,
				1,
				0.056,
				0,
				0.111,
				0,
				0.167,
				0,
				0,
				5,
				0
			]
		},
		{
			"Target": "Parameter",
			"Id": "ParamArmDL02",
			"Segments": [
				0,
				0,
				1,
				0.056,
				0,
				0.111,
				0,
				0.167,
				0,
				0,
				5,
				0
			]
		},
		{
			"Target": "Parameter",
			"Id": "ParamArmDL03",
			"Segments": [
				0,
				0,
				1,
				0.056,
				0,
				0.111,
				0,
				0.167,
				0,
				0,
				5,
				0
			]
		},
		{
			"Target": "Parameter",
			"Id": "ParamArmDLHand03Roll",
			"Segments": [
				0,
				0,
				1,
				0.056,
				0,
				0.111,
				0,
				0.167,
				0,
				0,
				5,
				0
			]
		},
		{
			"Target": "Parameter",
			"Id": "ParamArmER01",
			"Segments": [
				0,
				0,
				1,
				0.056,
				0,
				0.111,
				0,
				0.167,
				0,
				0,
				5,
				0
			]
		},
		{
			"Target": "Parameter",
			"Id": "ParamArmER02",
			"Segments": [
				0,
				0,
				1,
				0.056,
				0,
				0.111,
				0,
				0.167,
				0,
				0,
				5,
				0
			]
		},
		{
			"Target": "Parameter",
			"Id": "ParamArmER03",
			"Segments": [
				0,
				0,
				0,
				5,
				0
			]
		},
		{
			"Target": "Parameter",
			"Id": "ParamArmER04",
			"Segments": [
				0,
				0,
				1,
				0.056,
				0,
				0.111,
				0,
				0.167,
				0,
				0,
				5,
				0
			]
		},
		{
			"Target": "Parameter",
			"Id": "ParamArmERHand04Roll1",
			"Segments": [
				0,
				0,
				1,
				0.056,
				0,
				0.111,
				0,
				0.167,
				0,
				0,
				5,
				0
			]
		},
		{
			"Target": "Parameter",
			"Id": "ParamArmERHand04Roll2",
			"Segments": [
				0,
				0,
				1,
				0.056,
				0,
				0.111,
				0,
				0.167,
				0,
				0,
				5,
				0
			]
		},
		{
			"Target": "Parameter",
			"Id": "ParamArmERHand06Roll1",
			"Segments": [
				0,
				0,
				1,
				0.056,
				0,
				0.111,
				0,
				0.167,
				0,
				0,
				5,
				0
			]
		},
		{
			"Target": "Parameter",
			"Id": "ParamArmERHand06Roll2",
			"Segments": [
				0,
				0,
				1,
				0.056,
				0,
				0.111,
				0,
				0.167,
				0,
				0,
				5,
				0
			]
		},
		{
			"Target": "PartOpacity",
			"Id": "PartWatchA",
			"Segments": [
				0,
				0,
				0,
				5,
				0
			]
		},
		{
			"Target": "PartOpacity",
			"Id": "PartWatchB",
			"Segments": [
				0,
				1,
				0,
				5,
				1
			]
		},
		{
			"Target": "PartOpacity",
			"Id": "PartArmAL",
			"Segments": [
				0,
				1,
				0,
				5,
				1
			]
		},
		{
			"Target": "PartOpacity",
			"Id": "PartArmAR",
			"Segments": [
				0,
				0,
				0,
				5,
				0
			]
		},
		{
			"Target": "PartOpacity",
			"Id": "PartArmBR",
			"Segments": [
				0,
				1,
				0,
				5,
				1
			]
		},
		{
			"Target": "PartOpacity",
			"Id": "PartArmCL",
			"Segments": [
				0,
				0,
				0,
				5,
				0
			]
		},
		{
			"Target": "PartOpacity",
			"Id": "PartArmDL",
			"Segments": [
				0,
				0,
				0,
				5,
				0
			]
		},
		{
			"Target": "PartOpacity",
			"Id": "PartArmER",
			"Segments": [
				0,
				0,
				0,
				5,
				0
			]
		}
	]
}