{
	"Version": 3,
	"Meta": {
		"Duration": 1.967,
		"Fps": 30.0,
		"Loop": true,
		"AreBeziersRestricted": true,
		"CurveCount": 37,
		"TotalSegmentCount": 109,
		"TotalPointCount": 288,
		"UserDataCount": 0,
		"TotalUserDataSize": 0
	},
	"Curves": [
		{
			"Target": "Model",
			"Id": "Opacity",
			"Segments": [
				0,
				1,
				0,
				1.97,
				1
			]
		},
		{
			"Target": "Model",
			"Id": "EyeBlink",
			"Segments": [
				0,
				1,
				1,
				0.222,
				1,
				0.444,
				1,
				0.667,
				0.997,
				1,
				0.756,
				0.996,
				0.844,
				0.005,
				0.933,
				0.003,
				1,
				1.078,
				0,
				1.222,
				0,
				1.367,
				0,
				1,
				1.467,
				0,
				1.567,
				1,
				1.667,
				1,
				0,
				1.967,
				1
			]
		},
		{
			"Target": "Parameter",
			"Id": "ParamAngleX",
			"Segments": [
				0,
				0,
				1,
				0.111,
				0,
				0.222,
				0,
				0.333,
				0,
				1,
				0.444,
				0,
				0.556,
				1,
				0.667,
				1,
				1,
				0.756,
				1,
				0.844,
				0,
				0.933,
				0,
				1,
				1.044,
				0,
				1.156,
				0,
				1.267,
				0,
				1,
				1.378,
				0,
				1.489,
				0,
				1.6,
				0,
				0,
				1.967,
				0
			]
		},
		{
			"Target": "Parameter",
			"Id": "ParamAngleY",
			"Segments": [
				0,
				0,
				0,
				0.133,
				0,
				1,
				0.244,
				0,
				0.356,
				-29,
				0.467,
				-29,
				1,
				0.578,
				-29,
				0.689,
				30,
				0.8,
				30,
				1,
				0.889,
				30,
				0.978,
				-30,
				1.067,
				-30,
				1,
				1.178,
				-30,
				1.289,
				-30.267,
				1.4,
				-28.344,
				1,
				1.511,
				-26.422,
				1.622,
				9,
				1.733,
				9,
				0,
				1.967,
				9
			]
		},
		{
			"Target": "Parameter",
			"Id": "ParamAngleZ",
			"Segments": [
				0,
				0,
				1,
				0.122,
				0,
				0.244,
				-2,
				0.367,
				-2,
				1,
				0.478,
				-2,
				0.589,
				3,
				0.7,
				3,
				1,
				0.789,
				3,
				0.878,
				-8,
				0.967,
				-8,
				1,
				1.078,
				-8,
				1.189,
				-8.102,
				1.3,
				-7.558,
				1,
				1.411,
				-7.015,
				1.522,
				0,
				1.633,
				0,
				0,
				1.967,
				0
			]
		},
		{
			"Target": "Parameter",
			"Id": "ParamEyeBallX",
			"Segments": [
				0,
				0,
				1,
				0.222,
				0,
				0.444,
				0,
				0.667,
				0,
				1,
				0.756,
				0,
				0.844,
				0,
				0.933,
				0,
				1,
				1.078,
				0,
				1.222,
				0,
				1.367,
				0,
				1,
				1.467,
				0,
				1.567,
				0,
				1.667,
				0,
				0,
				1.967,
				0
			]
		},
		{
			"Target": "Parameter",
			"Id": "ParamEyeBallY",
			"Segments": [
				0,
				0,
				1,
				0.222,
				0,
				0.444,
				0,
				0.667,
				0,
				1,
				0.756,
				0,
				0.844,
				-0.5,
				0.933,
				-0.5,
				1,
				1.078,
				-0.5,
				1.222,
				-0.5,
				1.367,
				-0.5,
				1,
				1.467,
				-0.5,
				1.567,
				0,
				1.667,
				0,
				0,
				1.967,
				0
			]
		},
		{
			"Target": "Parameter",
			"Id": "ParamBrowLY",
			"Segments": [
				0,
				1,
				1,
				0.311,
				1,
				0.622,
				0.8,
				0.933,
				0.8,
				1,
				1.078,
				0.8,
				1.222,
				0.8,
				1.367,
				0.8,
				1,
				1.467,
				0.8,
				1.567,
				1,
				1.667,
				1,
				0,
				1.967,
				1
			]
		},
		{
			"Target": "Parameter",
			"Id": "ParamBrowRY",
			"Segments": [
				0,
				1,
				1,
				0.311,
				1,
				0.622,
				0.8,
				0.933,
				0.8,
				1,
				1.078,
				0.8,
				1.222,
				0.8,
				1.367,
				0.8,
				1,
				1.467,
				0.8,
				1.567,
				1,
				1.667,
				1,
				0,
				1.967,
				1
			]
		},
		{
			"Target": "Parameter",
			"Id": "ParamMouthOpenY",
			"Segments": [
				0,
				0,
				1,
				0.111,
				0,
				0.222,
				0,
				0.333,
				0,
				1,
				0.444,
				0,
				0.556,
				0.1,
				0.667,
				0.1,
				1,
				0.756,
				0.1,
				0.844,
				0,
				0.933,
				0,
				1,
				1.044,
				0,
				1.156,
				0,
				1.267,
				0,
				0,
				1.967,
				0
			]
		},
		{
			"Target": "Parameter",
			"Id": "ParamArmL",
			"Segments": [
				0,
				0,
				1,
				0.111,
				0,
				0.222,
				-3,
				0.333,
				-3,
				1,
				0.444,
				-3,
				0.556,
				-3,
				0.667,
				-3,
				1,
				0.756,
				-3,
				0.844,
				2.157,
				0.933,
				3,
				1,
				1.044,
				4.054,
				1.156,
				4,
				1.267,
				4,
				1,
				1.378,
				4,
				1.489,
				0,
				1.6,
				0,
				0,
				1.967,
				0
			]
		},
		{
			"Target": "Parameter",
			"Id": "ParamArmR",
			"Segments": [
				0,
				0,
				1,
				0.111,
				0,
				0.222,
				-3,
				0.333,
				-3,
				1,
				0.444,
				-3,
				0.556,
				-3,
				0.667,
				-3,
				1,
				0.756,
				-3,
				0.844,
				2.157,
				0.933,
				3,
				1,
				1.044,
				4.054,
				1.156,
				4,
				1.267,
				4,
				1,
				1.378,
				4,
				1.489,
				0,
				1.6,
				0,
				0,
				1.967,
				0
			]
		},
		{
			"Target": "Parameter",
			"Id": "ParamLeftLeg",
			"Segments": [
				0,
				0,
				1,
				0.311,
				0,
				0.622,
				0,
				0.933,
				0,
				1,
				1.044,
				0,
				1.156,
				0,
				1.267,
				0,
				0,
				1.967,
				0
			]
		},
		{
			"Target": "Parameter",
			"Id": "ParamRightLeg",
			"Segments": [
				0,
				0,
				1,
				0.311,
				0,
				0.622,
				0,
				0.933,
				0,
				1,
				1.044,
				0,
				1.156,
				0,
				1.267,
				0,
				0,
				1.967,
				0
			]
		},
		{
			"Target": "Parameter",
			"Id": "ParamBodyAngleX",
			"Segments": [
				0,
				0,
				1,
				0.311,
				0,
				0.622,
				0,
				0.933,
				0,
				1,
				1.044,
				0,
				1.156,
				0,
				1.267,
				0,
				0,
				1.967,
				0
			]
		},
		{
			"Target": "Parameter",
			"Id": "ParamBodyAngleY",
			"Segments": [
				0,
				0,
				1,
				0.111,
				0,
				0.222,
				-13,
				0.333,
				-13,
				1,
				0.444,
				-13,
				0.556,
				28,
				0.667,
				28,
				1,
				0.756,
				28,
				0.844,
				-25,
				0.933,
				-25,
				1,
				1.044,
				-25,
				1.156,
				-25.229,
				1.267,
				-23.62,
				1,
				1.378,
				-22.012,
				1.489,
				0,
				1.6,
				0,
				0,
				1.967,
				0
			]
		},
		{
			"Target": "Parameter",
			"Id": "ParamBodyAngleZ",
			"Segments": [
				0,
				0,
				1,
				0.111,
				0,
				0.222,
				11,
				0.333,
				11,
				1,
				0.533,
				11,
				0.733,
				-7.17,
				0.933,
				-12,
				1,
				1.044,
				-14.684,
				1.156,
				-14,
				1.267,
				-14,
				1,
				1.378,
				-14,
				1.489,
				0,
				1.6,
				0,
				0,
				1.967,
				0
			]
		},
		{
			"Target": "Parameter",
			"Id": "ParamBreath",
			"Segments": [
				0,
				0,
				1,
				0.311,
				0,
				0.622,
				0,
				0.933,
				0,
				1,
				1.044,
				0,
				1.156,
				0,
				1.267,
				0,
				1,
				1.378,
				0,
				1.489,
				0,
				1.6,
				0,
				0,
				1.967,
				0
			]
		},
		{
			"Target": "Parameter",
			"Id": "ParamHairFront",
			"Segments": [
				0,
				0,
				1,
				0.311,
				0,
				0.622,
				0,
				0.933,
				0,
				1,
				1.044,
				0,
				1.156,
				0,
				1.267,
				0,
				0,
				1.967,
				0
			]
		},
		{
			"Target": "Parameter",
			"Id": "ParamHairSide",
			"Segments": [
				0,
				0,
				1,
				0.311,
				0,
				0.622,
				0,
				0.933,
				0,
				1,
				1.044,
				0,
				1.156,
				0,
				1.267,
				0,
				0,
				1.967,
				0
			]
		},
		{
			"Target": "Parameter",
			"Id": "ParamHairBack",
			"Segments": [
				0,
				0,
				1,
				0.311,
				0,
				0.622,
				0,
				0.933,
				0,
				1,
				1.044,
				0,
				1.156,
				0,
				1.267,
				0,
				0,
				1.967,
				0
			]
		},
		{
			"Target": "PartOpacity",
			"Id": "PartHead",
			"Segments": [
				0,
				1,
				0,
				1.97,
				1
			]
		},
		{
			"Target": "PartOpacity",
			"Id": "PartHairFront",
			"Segments": [
				0,
				1,
				0,
				1.97,
				1
			]
		},
		{
			"Target": "PartOpacity",
			"Id": "PartEyeL",
			"Segments": [
				0,
				1,
				0,
				1.97,
				1
			]
		},
		{
			"Target": "PartOpacity",
			"Id": "PartEyeBallL",
			"Segments": [
				0,
				1,
				0,
				1.97,
				1
			]
		},
		{
			"Target": "PartOpacity",
			"Id": "PartEyeWhiteL",
			"Segments": [
				0,
				1,
				0,
				1.97,
				1
			]
		},
		{
			"Target": "PartOpacity",
			"Id": "PartEyeR",
			"Segments": [
				0,
				1,
				0,
				1.97,
				1
			]
		},
		{
			"Target": "PartOpacity",
			"Id": "PartEyeBallR",
			"Segments": [
				0,
				1,
				0,
				1.97,
				1
			]
		},
		{
			"Target": "PartOpacity",
			"Id": "PartEyeWhiteR",
			"Segments": [
				0,
				1,
				0,
				1.97,
				1
			]
		},
		{
			"Target": "PartOpacity",
			"Id": "PartHairSide",
			"Segments": [
				0,
				1,
				0,
				1.97,
				1
			]
		},
		{
			"Target": "PartOpacity",
			"Id": "PartMouth",
			"Segments": [
				0,
				1,
				0,
				1.97,
				1
			]
		},
		{
			"Target": "PartOpacity",
			"Id": "PartOral",
			"Segments": [
				0,
				1,
				0,
				1.97,
				1
			]
		},
		{
			"Target": "PartOpacity",
			"Id": "PartFace",
			"Segments": [
				0,
				1,
				0,
				1.97,
				1
			]
		},
		{
			"Target": "PartOpacity",
			"Id": "PartBody",
			"Segments": [
				0,
				1,
				0,
				1.97,
				1
			]
		},
		{
			"Target": "PartOpacity",
			"Id": "PartArmL",
			"Segments": [
				0,
				1,
				0,
				1.97,
				1
			]
		},
		{
			"Target": "PartOpacity",
			"Id": "PartArmR",
			"Segments": [
				0,
				1,
				0,
				1.97,
				1
			]
		},
		{
			"Target": "PartOpacity",
			"Id": "PartHairBack",
			"Segments": [
				0,
				1,
				0,
				1.97,
				1
			]
		}
	]
}