{
	"Version": 3,
	"Meta": {
		"Duration": 3.33,
		"Fps": 30.0,
		"Loop": true,
		"AreBeziersRestricted": true,
		"CurveCount": 99,
		"TotalSegmentCount": 246,
		"TotalPointCount": 639,
		"UserDataCount": 0,
		"TotalUserDataSize": 0
	},
	"Curves": [
		{
			"Target": "Parameter",
			"Id": "ParamAngleX",
			"Segments": [
				0,
				0,
				1,
				0.056,
				0,
				0.111,
				0,
				0.167,
				0,
				1,
				0.256,
				0,
				0.344,
				0,
				0.433,
				0,
				1,
				0.622,
				0,
				0.811,
				10,
				1,
				10,
				0,
				3.333,
				10
			]
		},
		{
			"Target": "Parameter",
			"Id": "ParamAngleY",
			"Segments": [
				0,
				0,
				1,
				0.056,
				0,
				0.111,
				0,
				0.167,
				0,
				1,
				0.178,
				0,
				0.189,
				0,
				0.2,
				0,
				1,
				0.267,
				0,
				0.333,
				1.753,
				0.4,
				3.095,
				1,
				0.444,
				3.989,
				0.489,
				3.997,
				0.533,
				3.997,
				1,
				0.744,
				3.997,
				0.956,
				-27.096,
				1.167,
				-27.096,
				1,
				1.256,
				-27.096,
				1.344,
				-25.324,
				1.433,
				-25.065,
				1,
				1.811,
				-23.961,
				2.189,
				-23.671,
				2.567,
				-23.671,
				0,
				3.333,
				-23.671
			]
		},
		{
			"Target": "Parameter",
			"Id": "ParamAngleZ",
			"Segments": [
				0,
				0,
				1,
				0.056,
				0,
				0.111,
				0,
				0.167,
				0,
				1,
				0.211,
				0,
				0.256,
				0,
				0.3,
				0,
				1,
				0.378,
				0,
				0.456,
				0.319,
				0.533,
				-1.334,
				1,
				0.7,
				-4.877,
				0.867,
				-11,
				1.033,
				-11,
				1,
				1.289,
				-11,
				1.544,
				-10,
				1.8,
				-10,
				0,
				3.333,
				-10
			]
		},
		{
			"Target": "Parameter",
			"Id": "ParamEyeLOpen",
			"Segments": [
				0,
				1,
				1,
				0.056,
				1,
				0.111,
				1,
				0.167,
				1,
				1,
				0.344,
				1,
				0.522,
				1,
				0.7,
				1,
				1,
				0.744,
				1,
				0.789,
				0,
				0.833,
				0,
				1,
				0.989,
				0,
				1.144,
				0,
				1.3,
				0,
				1,
				1.378,
				0,
				1.456,
				1,
				1.533,
				1,
				0,
				3.333,
				1
			]
		},
		{
			"Target": "Parameter",
			"Id": "ParamEyeLSmile",
			"Segments": [
				0,
				0,
				1,
				0.056,
				0,
				0.111,
				0,
				0.167,
				0,
				0,
				3.333,
				0
			]
		},
		{
			"Target": "Parameter",
			"Id": "ParamEyeLForm",
			"Segments": [
				0,
				0,
				1,
				0.056,
				0,
				0.111,
				0,
				0.167,
				0,
				0,
				3.333,
				0
			]
		},
		{
			"Target": "Parameter",
			"Id": "ParamEyeROpen",
			"Segments": [
				0,
				1,
				1,
				0.056,
				1,
				0.111,
				1,
				0.167,
				1,
				1,
				0.344,
				1,
				0.522,
				1,
				0.7,
				1,
				1,
				0.744,
				1,
				0.789,
				0,
				0.833,
				0,
				1,
				0.989,
				0,
				1.144,
				0,
				1.3,
				0,
				1,
				1.378,
				0,
				1.456,
				1,
				1.533,
				1,
				0,
				3.333,
				1
			]
		},
		{
			"Target": "Parameter",
			"Id": "ParamEyeRSmile",
			"Segments": [
				0,
				0,
				1,
				0.056,
				0,
				0.111,
				0,
				0.167,
				0,
				0,
				3.333,
				0
			]
		},
		{
			"Target": "Parameter",
			"Id": "ParamEyeRForm",
			"Segments": [
				0,
				0,
				1,
				0.056,
				0,
				0.111,
				0,
				0.167,
				0,
				0,
				3.333,
				0
			]
		},
		{
			"Target": "Parameter",
			"Id": "ParamEyeBallX",
			"Segments": [
				0,
				0,
				1,
				0.056,
				0,
				0.111,
				0,
				0.167,
				0,
				1,
				0.389,
				0,
				0.611,
				0.1,
				0.833,
				0.1,
				1,
				1.067,
				0.1,
				1.3,
				-0.4,
				1.533,
				-0.4,
				0,
				3.333,
				-0.4
			]
		},
		{
			"Target": "Parameter",
			"Id": "ParamEyeBallY",
			"Segments": [
				0,
				0,
				1,
				0.056,
				0,
				0.111,
				0,
				0.167,
				0,
				1,
				0.389,
				0,
				0.611,
				-0.2,
				0.833,
				-0.2,
				1,
				1.067,
				-0.2,
				1.3,
				0.7,
				1.533,
				0.7,
				0,
				3.333,
				0.7
			]
		},
		{
			"Target": "Parameter",
			"Id": "ParamEyeBallForm",
			"Segments": [
				0,
				0,
				1,
				0.056,
				0,
				0.111,
				0,
				0.167,
				0,
				0,
				3.333,
				0
			]
		},
		{
			"Target": "Parameter",
			"Id": "ParamBrowLY",
			"Segments": [
				0,
				0,
				1,
				0.056,
				0,
				0.111,
				0,
				0.167,
				0,
				0,
				3.333,
				0
			]
		},
		{
			"Target": "Parameter",
			"Id": "ParamBrowRY",
			"Segments": [
				0,
				0,
				1,
				0.056,
				0,
				0.111,
				0,
				0.167,
				0,
				0,
				3.333,
				0
			]
		},
		{
			"Target": "Parameter",
			"Id": "ParamBrowLX",
			"Segments": [
				0,
				0,
				1,
				0.056,
				0,
				0.111,
				0,
				0.167,
				0,
				0,
				3.333,
				0
			]
		},
		{
			"Target": "Parameter",
			"Id": "ParamBrowRX",
			"Segments": [
				0,
				0,
				1,
				0.056,
				0,
				0.111,
				0,
				0.167,
				0,
				0,
				3.333,
				0
			]
		},
		{
			"Target": "Parameter",
			"Id": "ParamBrowLAngle",
			"Segments": [
				0,
				0,
				1,
				0.056,
				0,
				0.111,
				0,
				0.167,
				0,
				0,
				3.333,
				0
			]
		},
		{
			"Target": "Parameter",
			"Id": "ParamBrowRAngle",
			"Segments": [
				0,
				0,
				1,
				0.056,
				0,
				0.111,
				0,
				0.167,
				0,
				0,
				3.333,
				0
			]
		},
		{
			"Target": "Parameter",
			"Id": "ParamBrowLForm",
			"Segments": [
				0,
				0,
				1,
				0.056,
				0,
				0.111,
				0,
				0.167,
				0,
				0,
				3.333,
				0
			]
		},
		{
			"Target": "Parameter",
			"Id": "ParamBrowLForm2",
			"Segments": [
				0,
				0,
				1,
				0.056,
				0,
				0.111,
				0,
				0.167,
				0,
				0,
				3.333,
				0
			]
		},
		{
			"Target": "Parameter",
			"Id": "ParamBrowRForm",
			"Segments": [
				0,
				0,
				1,
				0.056,
				0,
				0.111,
				0,
				0.167,
				0,
				0,
				3.333,
				0
			]
		},
		{
			"Target": "Parameter",
			"Id": "ParamBrowRForm2",
			"Segments": [
				0,
				0,
				1,
				0.056,
				0,
				0.111,
				0,
				0.167,
				0,
				0,
				3.333,
				0
			]
		},
		{
			"Target": "Parameter",
			"Id": "ParamMouthForm",
			"Segments": [
				0,
				0,
				1,
				0.056,
				0,
				0.111,
				0,
				0.167,
				0,
				0,
				3.333,
				0
			]
		},
		{
			"Target": "Parameter",
			"Id": "ParamMouthOpenY",
			"Segments": [
				0,
				0,
				1,
				0.056,
				0,
				0.111,
				0,
				0.167,
				0,
				0,
				3.333,
				0
			]
		},
		{
			"Target": "Parameter",
			"Id": "ParamMouthForm2",
			"Segments": [
				0,
				0,
				1,
				0.056,
				0,
				0.111,
				0,
				0.167,
				0,
				0,
				3.333,
				0
			]
		},
		{
			"Target": "Parameter",
			"Id": "ParamTeethOn",
			"Segments": [
				0,
				0,
				1,
				0.056,
				0,
				0.111,
				0,
				0.167,
				0,
				0,
				3.333,
				0
			]
		},
		{
			"Target": "Parameter",
			"Id": "ParamCheek",
			"Segments": [
				0,
				0,
				1,
				0.056,
				0,
				0.111,
				0,
				0.167,
				0,
				0,
				3.333,
				0
			]
		},
		{
			"Target": "Parameter",
			"Id": "ParamGlassUD",
			"Segments": [
				0,
				0,
				1,
				0.056,
				0,
				0.111,
				0,
				0.167,
				0,
				0,
				3.333,
				0
			]
		},
		{
			"Target": "Parameter",
			"Id": "ParamGrassWhite",
			"Segments": [
				0,
				0,
				1,
				0.056,
				0,
				0.111,
				0,
				0.167,
				0,
				0,
				3.333,
				0
			]
		},
		{
			"Target": "Parameter",
			"Id": "ParamGrassHighlight",
			"Segments": [
				0,
				0,
				1,
				0.056,
				0,
				0.111,
				0,
				0.167,
				0,
				0,
				3.333,
				0
			]
		},
		{
			"Target": "Parameter",
			"Id": "ParamGrassHighlightMove",
			"Segments": [
				0,
				0,
				1,
				0.056,
				0,
				0.111,
				0,
				0.167,
				0,
				0,
				3.333,
				0
			]
		},
		{
			"Target": "Parameter",
			"Id": "ParamBodyAngleX",
			"Segments": [
				0,
				0,
				1,
				0.056,
				0,
				0.111,
				0,
				0.167,
				0,
				1,
				0.244,
				0,
				0.322,
				-0.5,
				0.4,
				-0.5,
				1,
				0.622,
				-0.5,
				0.844,
				6,
				1.067,
				6,
				1,
				1.3,
				6,
				1.533,
				5,
				1.767,
				5,
				0,
				3.333,
				5
			]
		},
		{
			"Target": "Parameter",
			"Id": "ParamBodyAngleY",
			"Segments": [
				0,
				0,
				1,
				0.056,
				0,
				0.111,
				0,
				0.167,
				0,
				1,
				0.244,
				0,
				0.322,
				0.625,
				0.4,
				0.625,
				1,
				0.633,
				0.625,
				0.867,
				-4.741,
				1.1,
				-4.741,
				1,
				1.333,
				-4.741,
				1.567,
				-4,
				1.8,
				-4,
				0,
				3.333,
				-4
			]
		},
		{
			"Target": "Parameter",
			"Id": "ParamBodyAngleZ",
			"Segments": [
				0,
				0,
				1,
				0.056,
				0,
				0.111,
				0,
				0.167,
				0,
				1,
				0.256,
				0,
				0.344,
				0,
				0.433,
				0,
				1,
				0.611,
				0,
				0.789,
				-3,
				0.967,
				-3,
				0,
				3.333,
				-3
			]
		},
		{
			"Target": "Parameter",
			"Id": "ParamWaistAngleZ",
			"Segments": [
				0,
				0,
				1,
				0.056,
				0,
				0.111,
				0,
				0.167,
				0,
				1,
				0.256,
				0,
				0.344,
				0,
				0.433,
				0,
				1,
				0.611,
				0,
				0.789,
				-5,
				0.967,
				-5,
				0,
				3.333,
				-5
			]
		},
		{
			"Target": "Parameter",
			"Id": "ParamBodyPosition",
			"Segments": [
				0,
				0,
				1,
				0.056,
				0,
				0.111,
				0,
				0.167,
				0,
				1,
				0.244,
				0,
				0.322,
				-3,
				0.4,
				-3,
				1,
				0.544,
				-3,
				0.689,
				0.972,
				0.833,
				3.4,
				1,
				1.144,
				8.63,
				1.456,
				10,
				1.767,
				10,
				0,
				3.333,
				10
			]
		},
		{
			"Target": "Parameter",
			"Id": "ParamBreath",
			"Segments": [
				0,
				0,
				1,
				0.056,
				0,
				0.111,
				0,
				0.167,
				0,
				1,
				0.178,
				0,
				0.189,
				0,
				0.2,
				0,
				0,
				3.333,
				0
			]
		},
		{
			"Target": "Parameter",
			"Id": "ParamLeftShoulderUp",
			"Segments": [
				0,
				0,
				1,
				0.056,
				0,
				0.111,
				0,
				0.167,
				0,
				1,
				0.244,
				0,
				0.322,
				1.58,
				0.4,
				4,
				1,
				0.589,
				9.878,
				0.778,
				16.122,
				0.967,
				21,
				1,
				1.222,
				27.599,
				1.478,
				30,
				1.733,
				30,
				0,
				3.333,
				30
			]
		},
		{
			"Target": "Parameter",
			"Id": "ParamRightShoulderUp",
			"Segments": [
				0,
				0,
				1,
				0.056,
				0,
				0.111,
				0,
				0.167,
				0,
				1,
				0.244,
				0,
				0.322,
				2,
				0.4,
				2,
				1,
				0.589,
				2,
				0.778,
				-19,
				0.967,
				-19,
				1,
				1.222,
				-19,
				1.478,
				-13,
				1.733,
				-13,
				0,
				3.333,
				-13
			]
		},
		{
			"Target": "Parameter",
			"Id": "ParamAllX",
			"Segments": [
				0,
				0,
				1,
				0.056,
				0,
				0.111,
				0,
				0.167,
				0,
				0,
				3.333,
				0
			]
		},
		{
			"Target": "Parameter",
			"Id": "ParamAllY",
			"Segments": [
				0,
				0,
				1,
				0.056,
				0,
				0.111,
				0,
				0.167,
				0,
				0,
				3.333,
				0
			]
		},
		{
			"Target": "Parameter",
			"Id": "ParamAllRotate",
			"Segments": [
				0,
				0,
				1,
				0.056,
				0,
				0.111,
				0,
				0.167,
				0,
				0,
				3.333,
				0
			]
		},
		{
			"Target": "Parameter",
			"Id": "ParamHairFront",
			"Segments": [
				0,
				0,
				1,
				0.056,
				0,
				0.111,
				0,
				0.167,
				0,
				0,
				3.333,
				0
			]
		},
		{
			"Target": "Parameter",
			"Id": "ParamHairSide",
			"Segments": [
				0,
				0,
				1,
				0.056,
				0,
				0.111,
				0,
				0.167,
				0,
				0,
				3.333,
				0
			]
		},
		{
			"Target": "Parameter",
			"Id": "ParamHairBack",
			"Segments": [
				0,
				0,
				1,
				0.056,
				0,
				0.111,
				0,
				0.167,
				0,
				0,
				3.333,
				0
			]
		},
		{
			"Target": "Parameter",
			"Id": "ParamHairFrontFuwa",
			"Segments": [
				0,
				0,
				1,
				0.056,
				0,
				0.111,
				0,
				0.167,
				0,
				0,
				3.333,
				0
			]
		},
		{
			"Target": "Parameter",
			"Id": "ParamHairSideFuwa",
			"Segments": [
				0,
				0,
				1,
				0.056,
				0,
				0.111,
				0,
				0.167,
				0,
				0,
				3.333,
				0
			]
		},
		{
			"Target": "Parameter",
			"Id": "ParamHairBackFuwa",
			"Segments": [
				0,
				0,
				1,
				0.056,
				0,
				0.111,
				0,
				0.167,
				0,
				0,
				3.333,
				0
			]
		},
		{
			"Target": "Parameter",
			"Id": "ParamJacket",
			"Segments": [
				0,
				0,
				1,
				0.056,
				0,
				0.111,
				0,
				0.167,
				0,
				0,
				3.333,
				0
			]
		},
		{
			"Target": "Parameter",
			"Id": "ParamChainWaist",
			"Segments": [
				0,
				0,
				1,
				0.056,
				0,
				0.111,
				0,
				0.167,
				0,
				0,
				3.333,
				0
			]
		},
		{
			"Target": "Parameter",
			"Id": "ParamWatchSwingA1",
			"Segments": [
				0,
				0,
				1,
				0.056,
				0,
				0.111,
				0,
				0.167,
				0,
				0,
				3.333,
				0
			]
		},
		{
			"Target": "Parameter",
			"Id": "ParamWatchSwingA2",
			"Segments": [
				0,
				0,
				1,
				0.056,
				0,
				0.111,
				0,
				0.167,
				0,
				0,
				3.333,
				0
			]
		},
		{
			"Target": "Parameter",
			"Id": "ParamWatchAX",
			"Segments": [
				0,
				0,
				1,
				0.056,
				0,
				0.111,
				0,
				0.167,
				0,
				0,
				3.333,
				0
			]
		},
		{
			"Target": "Parameter",
			"Id": "ParamWatchBSwitch",
			"Segments": [
				0,
				0,
				1,
				0.056,
				0,
				0.111,
				0,
				0.167,
				0,
				0,
				3.333,
				0
			]
		},
		{
			"Target": "Parameter",
			"Id": "ParamWatchBOpen",
			"Segments": [
				0,
				0,
				1,
				0.056,
				0,
				0.111,
				0,
				0.167,
				0,
				0,
				3.333,
				0
			]
		},
		{
			"Target": "Parameter",
			"Id": "ParamWatchBOpen2",
			"Segments": [
				0,
				0,
				1,
				0.056,
				0,
				0.111,
				0,
				0.167,
				0,
				0,
				3.333,
				0
			]
		},
		{
			"Target": "Parameter",
			"Id": "ParamWatchBX",
			"Segments": [
				0,
				0,
				1,
				0.056,
				0,
				0.111,
				0,
				0.167,
				0,
				0,
				3.333,
				0
			]
		},
		{
			"Target": "Parameter",
			"Id": "ParamWatchBRoll",
			"Segments": [
				0,
				0,
				1,
				0.056,
				0,
				0.111,
				0,
				0.167,
				0,
				0,
				3.333,
				0
			]
		},
		{
			"Target": "Parameter",
			"Id": "ParamWatchBLR",
			"Segments": [
				0,
				0,
				1,
				0.056,
				0,
				0.111,
				0,
				0.167,
				0,
				0,
				3.333,
				0
			]
		},
		{
			"Target": "Parameter",
			"Id": "ParamWatchBUD",
			"Segments": [
				0,
				0,
				1,
				0.056,
				0,
				0.111,
				0,
				0.167,
				0,
				0,
				3.333,
				0
			]
		},
		{
			"Target": "Parameter",
			"Id": "ParamArmAL01",
			"Segments": [
				0,
				0.7,
				1,
				0.056,
				0.7,
				0.111,
				0.7,
				0.167,
				0.7,
				1,
				0.422,
				0.7,
				0.678,
				0.191,
				0.933,
				-0.5,
				1,
				1.211,
				-1.251,
				1.489,
				-1.5,
				1.767,
				-1.5,
				0,
				3.333,
				-1.5
			]
		},
		{
			"Target": "Parameter",
			"Id": "ParamArmAL02",
			"Segments": [
				0,
				-8,
				1,
				0.056,
				-8,
				0.111,
				-8,
				0.167,
				-8,
				1,
				0.433,
				-8,
				0.7,
				-8,
				0.967,
				-8,
				1,
				1.233,
				-8,
				1.5,
				-8,
				1.767,
				-8,
				0,
				3.333,
				-8
			]
		},
		{
			"Target": "Parameter",
			"Id": "ParamArmAL03",
			"Segments": [
				0,
				-3,
				1,
				0.056,
				-3,
				0.111,
				-3,
				0.167,
				-3,
				1,
				0.433,
				-3,
				0.7,
				-3,
				0.967,
				-3,
				1,
				1.233,
				-3,
				1.5,
				0,
				1.767,
				0,
				0,
				3.333,
				0
			]
		},
		{
			"Target": "Parameter",
			"Id": "ParamArmAL04",
			"FadeInTime": 0.2,
			"Segments": [
				0,
				-1,
				1,
				0.056,
				-1,
				0.111,
				-1,
				0.167,
				-1,
				0,
				3.333,
				-1
			]
		},
		{
			"Target": "Parameter",
			"Id": "ParamArmAR01",
			"Segments": [
				0,
				0.7,
				1,
				0.056,
				0.7,
				0.111,
				0.7,
				0.167,
				0.7,
				1,
				0.422,
				0.7,
				0.678,
				0.191,
				0.933,
				-0.5,
				1,
				1.211,
				-1.251,
				1.489,
				-1.5,
				1.767,
				-1.5,
				0,
				3.333,
				-1.5
			]
		},
		{
			"Target": "Parameter",
			"Id": "ParamArmAR02",
			"Segments": [
				0,
				-8,
				1,
				0.056,
				-8,
				0.111,
				-8,
				0.167,
				-8,
				1,
				0.433,
				-8,
				0.7,
				-8,
				0.967,
				-8,
				1,
				1.233,
				-8,
				1.5,
				-7,
				1.767,
				-7,
				0,
				3.333,
				-7
			]
		},
		{
			"Target": "Parameter",
			"Id": "ParamArmAR03",
			"Segments": [
				0,
				-3,
				1,
				0.056,
				-3,
				0.111,
				-3,
				0.167,
				-3,
				1,
				0.433,
				-3,
				0.7,
				-3,
				0.967,
				-3,
				1,
				1.233,
				-3,
				1.5,
				-10,
				1.767,
				-10,
				0,
				3.333,
				-10
			]
		},
		{
			"Target": "Parameter",
			"Id": "ParamArmAR04",
			"FadeInTime": 0.2,
			"Segments": [
				0,
				-1,
				1,
				0.056,
				-1,
				0.111,
				-1,
				0.167,
				-1,
				0,
				3.333,
				-1
			]
		},
		{
			"Target": "Parameter",
			"Id": "ParamArmBR01",
			"Segments": [
				0,
				0,
				1,
				0.056,
				0,
				0.111,
				0,
				0.167,
				0,
				0,
				3.333,
				0
			]
		},
		{
			"Target": "Parameter",
			"Id": "ParamArmBR02",
			"Segments": [
				0,
				0,
				1,
				0.056,
				0,
				0.111,
				0,
				0.167,
				0,
				0,
				3.333,
				0
			]
		},
		{
			"Target": "Parameter",
			"Id": "ParamArmBR03",
			"Segments": [
				0,
				0,
				1,
				0.056,
				0,
				0.111,
				0,
				0.167,
				0,
				0,
				3.333,
				0
			]
		},
		{
			"Target": "Parameter",
			"Id": "ParamArmBRHand01Roll",
			"Segments": [
				0,
				0,
				1,
				0.056,
				0,
				0.111,
				0,
				0.167,
				0,
				0,
				3.333,
				0
			]
		},
		{
			"Target": "Parameter",
			"Id": "ParamArmBRHand05Roll1",
			"Segments": [
				0,
				0,
				1,
				0.056,
				0,
				0.111,
				0,
				0.167,
				0,
				0,
				3.333,
				0
			]
		},
		{
			"Target": "Parameter",
			"Id": "ParamArmBRHand05Roll2",
			"Segments": [
				0,
				0,
				1,
				0.056,
				0,
				0.111,
				0,
				0.167,
				0,
				0,
				3.333,
				0
			]
		},
		{
			"Target": "Parameter",
			"Id": "ParamArmBRHand05Roll3",
			"Segments": [
				0,
				0,
				1,
				0.056,
				0,
				0.111,
				0,
				0.167,
				0,
				0,
				3.333,
				0
			]
		},
		{
			"Target": "Parameter",
			"Id": "ParamArmCR01",
			"Segments": [
				0,
				0,
				1,
				0.056,
				0,
				0.111,
				0,
				0.167,
				0,
				0,
				3.333,
				0
			]
		},
		{
			"Target": "Parameter",
			"Id": "ParamArmCR02",
			"Segments": [
				0,
				0,
				1,
				0.056,
				0,
				0.111,
				0,
				0.167,
				0,
				0,
				3.333,
				0
			]
		},
		{
			"Target": "Parameter",
			"Id": "ParamArmCR03",
			"Segments": [
				0,
				0,
				1,
				0.056,
				0,
				0.111,
				0,
				0.167,
				0,
				0,
				3.333,
				0
			]
		},
		{
			"Target": "Parameter",
			"Id": "ParamArmCLHandRoll1",
			"Segments": [
				0,
				0,
				1,
				0.056,
				0,
				0.111,
				0,
				0.167,
				0,
				0,
				3.333,
				0
			]
		},
		{
			"Target": "Parameter",
			"Id": "ParamArmDL01",
			"Segments": [
				0,
				0,
				1,
				0.056,
				0,
				0.111,
				0,
				0.167,
				0,
				0,
				3.333,
				0
			]
		},
		{
			"Target": "Parameter",
			"Id": "ParamArmDL02",
			"Segments": [
				0,
				0,
				1,
				0.056,
				0,
				0.111,
				0,
				0.167,
				0,
				0,
				3.333,
				0
			]
		},
		{
			"Target": "Parameter",
			"Id": "ParamArmDL03",
			"Segments": [
				0,
				0,
				1,
				0.056,
				0,
				0.111,
				0,
				0.167,
				0,
				0,
				3.333,
				0
			]
		},
		{
			"Target": "Parameter",
			"Id": "ParamArmDLHand03Roll",
			"Segments": [
				0,
				0,
				1,
				0.056,
				0,
				0.111,
				0,
				0.167,
				0,
				0,
				3.333,
				0
			]
		},
		{
			"Target": "Parameter",
			"Id": "ParamArmER01",
			"Segments": [
				0,
				0,
				1,
				0.056,
				0,
				0.111,
				0,
				0.167,
				0,
				0,
				3.333,
				0
			]
		},
		{
			"Target": "Parameter",
			"Id": "ParamArmER02",
			"Segments": [
				0,
				0,
				1,
				0.056,
				0,
				0.111,
				0,
				0.167,
				0,
				0,
				3.333,
				0
			]
		},
		{
			"Target": "Parameter",
			"Id": "ParamArmER03",
			"Segments": [
				0,
				0,
				1,
				0.056,
				0,
				0.111,
				0,
				0.167,
				0,
				0,
				3.333,
				0
			]
		},
		{
			"Target": "Parameter",
			"Id": "ParamArmER04",
			"Segments": [
				0,
				0,
				1,
				0.056,
				0,
				0.111,
				0,
				0.167,
				0,
				0,
				3.333,
				0
			]
		},
		{
			"Target": "Parameter",
			"Id": "ParamArmERHand04Roll1",
			"Segments": [
				0,
				0,
				1,
				0.056,
				0,
				0.111,
				0,
				0.167,
				0,
				0,
				3.333,
				0
			]
		},
		{
			"Target": "Parameter",
			"Id": "ParamArmERHand04Roll2",
			"Segments": [
				0,
				0,
				1,
				0.056,
				0,
				0.111,
				0,
				0.167,
				0,
				0,
				3.333,
				0
			]
		},
		{
			"Target": "Parameter",
			"Id": "ParamArmERHand06Roll1",
			"Segments": [
				0,
				0,
				1,
				0.056,
				0,
				0.111,
				0,
				0.167,
				0,
				0,
				3.333,
				0
			]
		},
		{
			"Target": "Parameter",
			"Id": "ParamArmERHand06Roll2",
			"Segments": [
				0,
				0,
				1,
				0.056,
				0,
				0.111,
				0,
				0.167,
				0,
				0,
				3.333,
				0
			]
		},
		{
			"Target": "PartOpacity",
			"Id": "PartWatchA",
			"Segments": [
				0,
				1,
				0,
				3.33,
				1
			]
		},
		{
			"Target": "PartOpacity",
			"Id": "PartWatchB",
			"Segments": [
				0,
				0,
				0,
				3.33,
				0
			]
		},
		{
			"Target": "PartOpacity",
			"Id": "PartArmAL",
			"Segments": [
				0,
				1,
				0,
				3.33,
				1
			]
		},
		{
			"Target": "PartOpacity",
			"Id": "PartArmAR",
			"Segments": [
				0,
				1,
				0,
				3.33,
				1
			]
		},
		{
			"Target": "PartOpacity",
			"Id": "PartArmBR",
			"Segments": [
				0,
				0,
				0,
				3.33,
				0
			]
		},
		{
			"Target": "PartOpacity",
			"Id": "PartArmCL",
			"Segments": [
				0,
				0,
				0,
				3.33,
				0
			]
		},
		{
			"Target": "PartOpacity",
			"Id": "PartArmDL",
			"Segments": [
				0,
				0,
				0,
				3.33,
				0
			]
		},
		{
			"Target": "PartOpacity",
			"Id": "PartArmER",
			"Segments": [
				0,
				0,
				0,
				3.33,
				0
			]
		}
	]
}